RS_Number	Coord	Alleles	MAF	Distance	Dprime	R2	Correlated_Alleles	RegulomeDB	Function
rs7660520	chr4:183745321	(G/A)	0.2584	0	1.0	1.0	G=G,A=A	5	NA
rs190126441	chr4:183745624	(G/C)	0.004	303	1.0	0.0115	NA	7	NA
.	chr4:183745757	(G/A)	0.004	436	1.0	0.0115	NA	.	.
rs146934772	chr4:183745803	(C/T)	0.0099	482	1.0	0.0288	NA	7	NA
rs141806866	chr4:183746081	(-/C)	0.005	760	1.0	0.0143	NA	5	NA
rs7666697	chr4:183746285	(A/T)	0.1421	964	1.0	0.4754	G=A,A=T	5	NA
rs4862108	chr4:183746487	(C/T)	0.0557	1166	1.0	0.1691	G=C,A=T	5	NA
rs147077807	chr4:183746902	(C/T)	0.0129	1581	1.0	0.0376	NA	5	NA
rs12650694	chr4:183747243	(C/T)	0.1412	1922	1.0	0.4716	G=C,A=T	5	NA
rs138270926	chr4:183747445	(T/A)	0.005	2124	1.0	0.0143	NA	5	NA
rs66824909	chr4:183747542	(A/C)	0.0557	2221	1.0	0.1691	G=A,A=C	5	NA
rs78790827	chr4:183747587	(C/A)	0.0557	2266	1.0	0.1691	G=C,A=A	5	NA
rs7679291	chr4:183747816	(G/C)	0.006	2495	1.0	0.0172	NA	4	NA
.	chr4:183742738	(A/-)	0.007	-2583	1.0	0.0201	NA	.	.
rs202103096	chr4:183742733	(TAG/-)	0.007	-2588	1.0	0.0201	NA	.	NA
.	chr4:183747925	(G/A)	0.004	2604	1.0	0.0115	NA	.	.
rs72703995	chr4:183748153	(A/G)	0.1342	2832	1.0	0.4447	G=A,A=G	5	NA
rs141400899	chr4:183748791	(A/G)	0.0497	3470	1.0	0.0182	NA	6	NA
rs146303635	chr4:183748902	(G/A)	0.0209	3581	1.0	0.0612	NA	5	NA
rs114392154	chr4:183740868	(C/T)	0.006	-4453	1.0	0.0172	NA	5	NA
rs76488295	chr4:183750276	(A/C)	0.006	4955	1.0	0.0172	NA	5	NA
rs139516368	chr4:183751205	(G/T)	0.005	5884	1.0	0.0143	NA	5	NA
rs146087770	chr4:183751662	(G/A)	0.005	6341	1.0	0.0143	NA	5	NA
rs151196643	chr4:183752033	(A/C)	0.005	6712	1.0	0.0143	NA	5	NA
rs76963390	chr4:183752421	(G/T)	0.006	7100	1.0	0.0172	NA	5	NA
rs149379866	chr4:183753888	(G/A)	0.005	8567	1.0	0.0143	NA	5	NA
rs183210613	chr4:183736695	(C/T)	0.007	-8626	1.0	0.0201	NA	7	NA
.	chr4:183754186	(C/T)	0.005	8865	1.0	0.0143	NA	.	.
rs188093544	chr4:183755966	(C/T)	0.005	10645	1.0	0.0143	NA	5	NA
rs138463751	chr4:183756494	(G/A)	0.005	11173	1.0	0.0143	NA	4	NA
rs183539045	chr4:183757282	(A/G)	0.006	11961	1.0	0.0172	NA	6	NA
.	chr4:183757794	(A/G)	0.005	12473	1.0	0.0143	NA	.	.
.	chr4:183757801	(G/A)	0.005	12480	1.0	0.0143	NA	.	.
rs188328512	chr4:183757880	(G/A)	0.005	12559	1.0	0.0143	NA	5	NA
rs143666933	chr4:183758759	(G/A)	0.005	13438	1.0	0.0143	NA	7	NA
rs190543323	chr4:183760156	(G/T)	0.005	14835	1.0	0.0143	NA	6	NA
rs142788487	chr4:183729897	(G/A)	0.008	-15424	1.0	0.023	NA	4	NA
.	chr4:183729700	(T/C)	0.004	-15621	1.0	0.0115	NA	.	.
rs192084151	chr4:183761255	(T/C)	0.005	15934	1.0	0.0143	NA	7	NA
rs78329345	chr4:183761308	(C/T)	0.004	15987	1.0	0.0115	NA	6	NA
rs139145393	chr4:183715348	(T/C)	0.005	-29973	1.0	0.0143	NA	5	NA
rs146592085	chr4:183706755	(C/T)	0.006	-38566	1.0	0.0172	NA	7	NA
rs115368913	chr4:183784437	(C/T)	0.006	39116	1.0	0.0172	NA	5	NA
rs187682897	chr4:183785530	(C/T)	0.004	40209	1.0	0.0115	NA	7	NA
rs191788484	chr4:183699703	(G/C)	0.006	-45618	1.0	0.0172	NA	4	NA
rs189900959	chr4:183698235	(C/T)	0.006	-47086	1.0	0.0172	NA	7	NA
.	chr4:183796102	(C/-)	0.004	50781	1.0	0.0115	NA	.	.
rs191991914	chr4:183692654	(G/C)	0.005	-52667	1.0	0.0143	NA	6	NA
rs187486870	chr4:183692648	(A/G)	0.005	-52673	1.0	0.0143	NA	6	NA
rs143501756	chr4:183641075	(G/A)	0.006	-104246	1.0	0.0172	NA	7	NA
rs113418759	chr4:183925555	(-/AC)	0.004	180234	1.0	0.0115	NA	7	NA
rs11155	chr4:184018765	(A/G)	0.005	273444	1.0	0.0143	NA	4	NA
rs187648672	chr4:184054684	(C/G)	0.005	309363	1.0	0.0143	NA	6	NA
rs190434166	chr4:184123161	(G/A)	0.005	377840	1.0	0.0143	NA	7	NA
rs192054138	chr4:184125768	(G/A)	0.005	380447	1.0	0.0143	NA	5	NA
rs186086811	chr4:184225736	(T/C)	0.004	480415	1.0	0.0115	NA	5	NA
rs4455461	chr4:183744854	(G/A)	0.1392	-467	0.9904	0.455	G=G,A=A	5	NA
rs72703994	chr4:183748136	(T/C)	0.1352	2815	0.9901	0.4397	G=T,A=C	4	NA
rs4516762	chr4:183747205	(T/C)	0.3091	1884	0.9889	0.7616	G=C,A=T	5	NA
rs13119036	chr4:183748510	(G/A)	0.328	3189	0.9886	0.6977	G=A,A=G	5	NA
rs72629641	chr4:183748560	(A/G)	0.0616	3239	0.9782	0.1803	G=A,A=G	5	NA
rs13133452	chr4:183750550	(C/T)	0.17	5229	0.9774	0.0682	NA	5	NA
rs58725309	chr4:183745457	(A/G)	0.0547	136	0.9755	0.1579	G=A,A=G	6	NA
.	chr4:183738455	(T/C)	0.1431	-6866	0.9731	0.0551	NA	.	.
rs201963517	chr4:183738451	(AG/-)	0.1431	-6870	0.9731	0.0551	NA	.	NA
rs370820009	chr4:183738396	(T/-)	0.1252	-6925	0.9693	0.0469	NA	.	NA
rs10658826	chr4:183719113	(-/GT)	0.0427	-26208	0.9686	0.1202	G=-,A=GT	5	NA
rs6552607	chr4:183747788	(C/T)	0.1233	2467	0.9674	0.3775	G=T,A=C	4	NA
rs66754540	chr4:183748003	(G/A)	0.1233	2682	0.9674	0.3775	G=G,A=A	4	NA
rs11943322	chr4:183750069	(C/T)	0.0805	4748	0.9667	0.2348	G=C,A=T	4	NA
rs35741358	chr4:183744263	(A/C)	0.1789	-1058	0.957	0.0696	NA	5	NA
rs111398941	chr4:183747354	(G/T)	0.0586	2033	0.9344	0.019	NA	5	NA
rs4629492	chr4:183747706	(A/C)	0.0517	2385	0.9256	0.0163	NA	3a	NA
rs4862109	chr4:183750890	(A/G)	0.0517	5569	0.9256	0.0163	NA	7	NA
rs192906087	chr4:183738413	(C/G)	0.1402	-6908	0.9177	0.0478	NA	6	NA
.	chr4:183734479	(CACACATGCACACTCACCACGCCAT/-)	0.1342	-10842	0.914	0.0451	NA	.	.
rs56060466	chr4:183731206	(T/G)	0.1342	-14115	0.914	0.0451	NA	4	NA
rs4862111	chr4:183751038	(C/T)	0.1859	5717	0.9135	0.5466	G=C,A=T	5	NA
rs139072387	chr4:183734524	(ACCA/-)	0.1332	-10797	0.9134	0.0447	NA	.	NA
rs13124391	chr4:183731737	(G/T)	0.1322	-13584	0.9127	0.0442	NA	7	NA
rs17201421	chr4:183740749	(C/T)	0.0875	-4572	0.9121	0.0278	NA	5	NA
rs4862110	chr4:183751029	(T/C)	0.1869	5708	0.9068	0.5422	G=T,A=C	5	NA
rs140140652	chr4:183743515	(T/C)	0.0129	-1806	0.8963	0.0302	NA	5	NA
rs34769542	chr4:183729868	(C/T)	0.1352	-15453	0.8862	0.0428	NA	3a	NA
rs4862112	chr4:183751567	(T/G)	0.1839	6246	0.8834	0.5045	G=T,A=G	5	NA
rs10549121	chr4:183741484	(CCA/-)	0.0646	-3837	0.8809	0.0187	NA	.	NA
rs6552606	chr4:183740489	(T/C)	0.0646	-4832	0.8809	0.0187	NA	5	NA
rs182349255	chr4:183738258	(C/T)	0.0219	-7063	0.8774	0.0494	NA	6	NA
.	chr4:183737289	(C/A)	0.0109	-8032	0.8774	0.0244	NA	.	.
rs374102606	chr4:183704304	(T/C)	0.0099	-41017	0.8651	0.0216	NA	7	NA
rs56342554	chr4:183756821	(C/A)	0.339	11500	0.8638	0.1334	G=A,A=C	6	NA
rs66945341	chr4:183734928	(G/A)	0.1362	-10393	0.8588	0.0405	NA	5	NA
rs56952902	chr4:183750635	(-/CTCT)	0.0527	5314	0.854	0.0141	NA	7	NA
rs146635992	chr4:183759816	(G/A)	0.008	14495	0.8314	0.0159	NA	5	NA
rs66892705	chr4:183743799	(C/T)	0.1511	-1522	0.8218	0.0419	NA	5	NA
rs146268495	chr4:183737216	(G/C)	0.0646	-8105	0.8214	0.0162	NA	7	NA
rs369288707	chr4:183748905	(AA/-)	0.0666	3584	0.8189	0.1373	G=AA,A=-	5	NA
.	chr4:183734411	(CACT/-)	0.007	-10910	0.8074	0.0131	NA	.	.
rs149903234	chr4:183756248	(T/C)	0.007	10927	0.8074	0.0131	NA	3a	NA
rs141636686	chr4:183752978	(T/-)	0.1988	7657	0.8045	0.4608	G=T,A=-	.	NA
.	chr4:183702692	(G/A)	0.0974	-42629	0.8026	0.0242	NA	.	.
rs10032894	chr4:183752485	(C/T)	0.1978	7164	0.7832	0.4339	G=T,A=C	5	NA
rs36037353	chr4:183758471	(C/A)	0.3131	13150	0.7789	0.0964	NA	7	NA
rs34782392	chr4:183758159	(C/A)	0.3608	12838	0.7762	0.1185	G=A,A=C	7	NA
rs118017641	chr4:184042603	(G/A)	0.006	297282	0.7752	0.0103	NA	7	NA
rs148999450	chr4:184153878	(G/A)	0.006	408557	0.7752	0.0103	NA	6	NA
rs12640585	chr4:183759951	(G/A)	0.3131	14630	0.7666	0.0934	NA	5	NA
rs12642670	chr4:183750224	(A/G)	0.2734	4903	0.7459	0.5155	G=G,A=A	5	NA
rs6823065	chr4:183768978	(A/C)	0.0895	23657	0.7421	0.0189	NA	5	NA
.	chr4:183738204	(A/T)	0.0258	-7117	0.7407	0.0418	NA	.	.
rs12648188	chr4:183744123	(G/A)	0.1849	-1198	0.7317	0.3485	G=G,A=A	5	NA
rs17264471	chr4:183699226	(T/A)	0.1143	-46095	0.7308	0.024	NA	5	NA
rs148610741	chr4:183731086	(G/T)	0.0099	-14235	0.7303	0.0154	NA	4	NA
rs139203718	chr4:184217479	(C/T)	0.0099	472158	0.7303	0.0154	NA	7	NA
rs73869838	chr4:183740221	(C/G)	0.1859	-5100	0.726	0.3453	G=C,A=G	5	NA
rs4557317	chr4:183746564	(G/A)	0.2535	1243	0.725	0.5121	G=A,A=G	5	NA
rs12651321	chr4:183744227	(T/A)	0.1849	-1094	0.7245	0.3416	G=T,A=A	5	NA
rs12507589	chr4:183739409	(T/C)	0.1839	-5912	0.723	0.338	G=T,A=C	6	NA
rs12503571	chr4:183739299	(G/T)	0.1839	-6022	0.723	0.338	G=G,A=T	6	NA
rs114837817	chr4:183742815	(A/G)	0.1829	-2506	0.7215	0.3343	G=A,A=G	7	NA
rs4861526	chr4:183742648	(A/G)	0.1829	-2673	0.7215	0.3343	G=A,A=G	6	NA
rs7686219	chr4:183741728	(G/T)	0.1829	-3593	0.7215	0.3343	G=G,A=T	4	NA
rs4862104	chr4:183738136	(G/A)	0.1769	-7185	0.7197	0.3195	G=G,A=A	7	NA
rs4580689	chr4:183727261	(G/C)	0.1372	-18060	0.7196	0.0287	NA	5	NA
rs79540374	chr4:183769279	(C/T)	0.1093	23958	0.7186	0.0221	NA	5	NA
rs147879506	chr4:183771461	(-/G)	0.1093	26140	0.7186	0.0221	NA	5	NA
rs77512695	chr4:183772060	(C/G)	0.1093	26739	0.7186	0.0221	NA	5	NA
rs76281047	chr4:183772696	(C/T)	0.1093	27375	0.7186	0.0221	NA	5	NA
rs113827545	chr4:183773034	(T/G)	0.1093	27713	0.7186	0.0221	NA	7	NA
rs148886700	chr4:183774350	(ACTCACACACAC/-)	0.1083	29029	0.716	0.0217	NA	.	NA
rs369056443	chr4:183738312	(T/C)	0.1412	-7009	0.7151	0.2411	G=T,A=C	7	NA
.	chr4:183738200	(G/C)	0.1501	-7121	0.7142	0.2585	G=G,A=C	.	.
rs151053915	chr4:183739736	(G/T)	0.1829	-5585	0.7142	0.3276	G=G,A=T	6	NA
rs12648035	chr4:183743845	(C/T)	0.1779	-1476	0.7137	0.3164	G=C,A=T	5	NA
.	chr4:183738308	(C/G)	0.1421	-7013	0.7077	0.2381	G=C,A=G	.	.
rs4861524	chr4:183737969	(T/C)	0.1779	-7352	0.7062	0.3097	G=T,A=C	7	NA
rs74408466	chr4:183763399	(A/T)	0.1173	18078	0.7049	0.023	NA	7	NA
rs79365067	chr4:183763549	(C/G)	0.1163	18228	0.7024	0.0226	NA	7	NA
rs10025192	chr4:183775313	(C/T)	0.0905	29992	0.7024	0.0171	NA	5	NA
rs28394883	chr4:183776510	(C/T)	0.0905	31189	0.7024	0.0171	NA	4	NA
rs4861522	chr4:183737911	(C/T)	0.166	-7410	0.7012	0.2808	G=C,A=T	7	NA
rs201515903	chr4:183705882	(C/G)	0.0765	-39439	0.6985	0.0141	NA	5	NA
rs181361062	chr4:183730077	(G/A)	0.16	-15244	0.6985	0.2667	G=G,A=A	3a	NA
.	chr4:183729968	(T/C)	0.16	-15353	0.6985	0.2667	G=T,A=C	4	.
rs138836292	chr4:183729872	(AT/-)	0.16	-15449	0.6985	0.2667	G=AT,A=-	.	NA
rs13127642	chr4:183727215	(G/C)	0.1382	-18106	0.6938	0.0269	NA	5	NA
rs55813428	chr4:183663139	(A/G)	0.0616	-82182	0.688	0.0108	NA	7	NA
rs79042902	chr4:183662342	(T/G)	0.0616	-82979	0.688	0.0108	NA	6	NA
rs111724248	chr4:183766383	(T/C)	0.1103	21062	0.6863	0.0204	NA	5	NA
rs57803916	chr4:183768597	(T/C)	0.1103	23276	0.6863	0.0204	NA	6	NA
rs4862113	chr4:183756750	(T/C)	0.1223	11429	0.6854	0.0228	NA	5	NA
rs61736044	chr4:183710332	(G/A)	0.1233	-34989	0.6846	0.1891	G=G,A=A	5	synonymous
rs6836929	chr4:183740780	(C/T)	0.1909	-4541	0.6839	0.3166	G=C,A=T	5	NA
rs113905066	chr4:183706756	(G/T)	0.0845	-38565	0.6814	0.0149	NA	7	NA
rs149764670	chr4:183706132	(G/A)	0.0845	-39189	0.6814	0.0149	NA	5	NA
rs370724008	chr4:183706063	(G/A)	0.0845	-39258	0.6814	0.0149	NA	7	NA
rs377672620	chr4:183706053	(G/T)	0.0845	-39268	0.6814	0.0149	NA	7	NA
rs113335924	chr4:183700401	(C/T)	0.0835	-44920	0.6776	0.0146	NA	7	NA
rs201613671	chr4:183705561	(A/C)	0.0825	-39760	0.6737	0.0142	NA	7	NA
rs6820152	chr4:183757618	(G/A)	0.0596	12297	0.6629	0.08	NA	2c	NA
rs148939866	chr4:183770065	(G/A)	0.008	24744	0.6629	0.0101	NA	6	NA
.	chr4:183891985	(A/G)	0.008	146664	0.6629	0.0101	NA	.	.
.	chr4:183962279	(T/C)	0.008	216958	0.6629	0.0101	NA	.	.
rs79196969	chr4:183968514	(G/A)	0.008	223193	0.6629	0.0101	NA	6	NA
rs115605108	chr4:183979260	(T/C)	0.008	233939	0.6629	0.0101	NA	5	NA
rs80326447	chr4:184002729	(A/C)	0.008	257408	0.6629	0.0101	NA	5	NA
rs116781719	chr4:184024573	(G/A)	0.008	279252	0.6629	0.0101	NA	6	NA
rs78445299	chr4:184033228	(G/A)	0.008	287907	0.6629	0.0101	NA	5	NA
rs368949320	chr4:183774353	(T/A)	0.1252	29032	0.6622	0.0219	NA	7	NA
rs78735783	chr4:183775094	(G/A)	0.1252	29773	0.6622	0.0219	NA	5	NA
rs7663525	chr4:183750774	(A/C)	0.2565	5453	0.6603	0.4314	G=C,A=A	7	NA
rs112437555	chr4:183742784	(A/G)	0.2296	-2537	0.6556	0.3675	G=A,A=G	7	NA
rs4862105	chr4:183742530	(A/G)	0.2256	-2791	0.6554	0.3592	G=A,A=G	5	NA
rs372848742	chr4:183731176	(T/C)	0.16	-14145	0.6482	0.2297	G=T,A=C	2b	NA
rs6839685	chr4:183706080	(C/T)	0.1282	-39241	0.6446	0.1753	G=C,A=T	6	NA
rs143337835	chr4:183699907	(-/T)	0.1243	-45414	0.644	0.1688	G=-,A=T	5	NA
rs4282231	chr4:183747507	(A/G)	0.1938	2186	0.6404	0.2829	G=G,A=A	5	NA
rs72997192	chr4:183708168	(C/G)	0.0855	-37153	0.6401	0.0133	NA	5	NA
rs147529140	chr4:183706236	(-/TT)	0.0855	-39085	0.6401	0.0133	NA	.	NA
rs186428662	chr4:183736270	(C/T)	0.171	-9051	0.6393	0.2419	G=C,A=T	7	NA
rs4862103	chr4:183735309	(G/A)	0.17	-10012	0.6372	0.2386	G=G,A=A	5	NA
rs114404677	chr4:183733832	(G/A)	0.17	-11489	0.6372	0.2386	G=G,A=A	6	NA
rs4862101	chr4:183733177	(T/C)	0.17	-12144	0.6372	0.2386	G=T,A=C	7	NA
rs4862100	chr4:183732709	(G/T)	0.17	-12612	0.6372	0.2386	G=G,A=T	5	NA
rs184178441	chr4:183731883	(A/T)	0.17	-13438	0.6372	0.2386	G=A,A=T	5	NA
rs76004373	chr4:183731011	(C/G)	0.17	-14310	0.6372	0.2386	G=C,A=G	2b	NA
rs10610586	chr4:183729661	(TG/-)	0.17	-15660	0.6372	0.2386	G=TG,A=-	.	NA
rs6839881	chr4:183729137	(A/T)	0.17	-16184	0.6372	0.2386	G=A,A=T	1f	NA
rs72703972	chr4:183715247	(A/G)	0.1143	-30074	0.6365	0.15	G=A,A=G	7	NA
rs114978444	chr4:183779649	(G/A)	0.1163	34328	0.6362	0.0186	NA	6	NA
rs141612044	chr4:183781798	(GAAT/-)	0.1163	36477	0.6362	0.0186	NA	.	NA
rs146666536	chr4:183716873	(C/G)	0.0109	-28448	0.6322	0.0127	NA	5	NA
rs7680411	chr4:183771387	(C/T)	0.1252	26066	0.6315	0.0199	NA	5	NA
rs141584544	chr4:183737270	(C/T)	0.0507	-8051	0.6298	0.0608	NA	7	NA
rs199749023	chr4:183698989	(-/AT)	0.1302	-46332	0.6294	0.1702	G=-,A=AT	5	NA
.	chr4:183738453	(G/A)	0.1938	-6868	0.6266	0.2708	G=G,A=A	7	.
rs139791308	chr4:183781961	(C/T)	0.1233	36640	0.6256	0.0192	NA	7	NA
rs76814223	chr4:183782178	(G/A)	0.1233	36857	0.6256	0.0192	NA	7	NA
rs78044674	chr4:183577715	(T/C)	0.0179	-167606	0.6254	0.0204	NA	7	NA
rs4862107	chr4:183745690	(A/C)	0.4284	369	0.6232	0.1806	G=A,A=C	7	NA
rs151107920	chr4:183736669	(C/T)	0.2167	-8652	0.6227	0.3078	G=C,A=T	7	NA
rs56075892	chr4:183736176	(C/T)	0.2167	-9145	0.6227	0.3078	G=C,A=T	6	NA
rs12639655	chr4:183735892	(A/T)	0.2167	-9429	0.6227	0.3078	G=A,A=T	7	NA
rs35847306	chr4:183707094	(T/C)	0.1302	-38227	0.6191	0.1647	G=T,A=C	5	NA
rs34291192	chr4:183707092	(A/G)	0.1302	-38229	0.6191	0.1647	G=A,A=G	5	NA
rs34322510	chr4:183707089	(C/G)	0.1302	-38232	0.6191	0.1647	G=C,A=G	5	NA
rs76085918	chr4:183700912	(T/C)	0.1302	-44409	0.6191	0.1647	G=T,A=C	7	NA
rs72703973	chr4:183715404	(T/C)	0.1093	-29917	0.6077	0.1301	G=T,A=C	5	NA
rs76632632	chr4:183761101	(C/G)	0.0239	15780	0.6067	0.0258	NA	5	NA
rs79090322	chr4:183792476	(A/C)	0.1173	47155	0.6065	0.017	NA	6	NA
rs12643521	chr4:183728242	(C/G)	0.16	-17079	0.6063	0.201	G=C,A=G	5	NA
rs10434301	chr4:183738850	(G/A)	0.4443	-6471	0.6055	0.1598	G=A,A=G	7	NA
rs62336277	chr4:183683327	(T/G)	0.0775	-61994	0.6032	0.0107	NA	6	NA
rs6843840	chr4:183711777	(C/T)	0.1342	-33544	0.6004	0.1603	G=C,A=T	6	NA
rs12506557	chr4:183711725	(C/T)	0.1342	-33596	0.6004	0.1603	G=C,A=T	7	NA
rs34316269	chr4:183711426	(-/CT)	0.1342	-33895	0.6004	0.1603	G=-,A=CT	7	NA
rs35855033	chr4:183739335	(G/C)	0.4423	-5986	0.6	0.1582	G=C,A=G	7	NA
rs116486904	chr4:183586066	(G/A)	0.0099	-159255	0.5954	0.0102	NA	7	NA
rs143681395	chr4:184122863	(T/C)	0.0099	377542	0.5954	0.0102	NA	5	NA
rs56138377	chr4:183695730	(G/C)	0.0855	-49591	0.5951	0.0115	NA	7	NA
rs35673756	chr4:183734737	(A/C)	0.2883	-10584	0.5947	0.3043	G=A,A=C	4	NA
rs199602958	chr4:183737030	(C/T)	0.3101	-8291	0.593	0.2726	G=C,A=T	7	NA
rs6831909	chr4:183734852	(A/G)	0.3131	-10469	0.5912	0.2673	G=A,A=G	5	NA
rs77293326	chr4:183760829	(T/A)	0.0229	15508	0.5896	0.0233	NA	5	NA
rs2309772	chr4:183716648	(C/A)	0.1004	-28673	0.5861	0.11	G=C,A=A	5	NA
rs76584446	chr4:183772491	(G/T)	0.1203	27170	0.5843	0.0163	NA	5	NA
rs77609774	chr4:183772674	(G/A)	0.1203	27353	0.5843	0.0163	NA	5	NA
rs4862102	chr4:183735243	(C/T)	0.3082	-10078	0.5831	0.266	G=C,A=T	5	NA
rs6858295	chr4:183735049	(T/C)	0.3082	-10272	0.5831	0.266	G=T,A=C	5	NA
rs137929568	chr4:183734709	(-/AT)	0.3082	-10612	0.5831	0.266	G=-,A=AT	4	NA
rs74492272	chr4:183734607	(C/T)	0.3082	-10714	0.5831	0.266	G=C,A=T	3a	NA
rs62336324	chr4:183734398	(G/A)	0.3082	-10923	0.5831	0.266	G=G,A=A	4	NA
rs6857162	chr4:183713630	(A/G)	0.1252	-31691	0.5826	0.1394	G=A,A=G	7	synonymous
rs6828786	chr4:183713191	(T/C)	0.1252	-32130	0.5826	0.1394	G=T,A=C	7	NA
rs4861520	chr4:183721872	(C/A)	0.1024	-23449	0.581	0.1105	G=C,A=A	5	NA
rs12508106	chr4:183707836	(G/A)	0.1372	-37485	0.5798	0.1534	G=G,A=A	5	NA
rs12507191	chr4:183707475	(G/A)	0.1372	-37846	0.5798	0.1534	G=G,A=A	6	NA
rs10009204	chr4:183740062	(C/T)	0.493	-5259	0.5788	0.1135	G=T,A=C	7	NA
rs10434300	chr4:183738682	(T/G)	0.4374	-6639	0.5762	0.1488	G=G,A=T	5	NA
rs12500335	chr4:183707781	(A/G)	0.1382	-37540	0.5731	0.1511	G=A,A=G	5	NA
rs6856884	chr4:183749326	(G/A)	0.172	4005	0.5713	0.1945	G=A,A=G	6	NA
rs184863295	chr4:183736974	(A/G)	0.0457	-8347	0.5603	0.0432	NA	7	NA
rs75426030	chr4:183732148	(C/T)	0.0457	-13173	0.5603	0.0432	NA	6	NA
rs62337865	chr4:183761762	(G/A)	0.165	16441	0.5571	0.0214	NA	7	NA
rs62337910	chr4:183802568	(G/A)	0.0865	57247	0.5553	0.0102	NA	7	NA
rs201433362	chr4:183738326	(G/C)	0.4602	-6995	0.5511	0.1241	G=C,A=G	7	NA
rs191349827	chr4:183738323	(A/G)	0.4602	-6998	0.5511	0.1241	G=G,A=A	7	NA
rs146285243	chr4:183738422	(T/C)	0.0447	-6899	0.5505	0.0407	NA	6	NA
rs114012458	chr4:183736728	(C/T)	0.0447	-8593	0.5505	0.0407	NA	7	NA
.	chr4:183705491	(G/-)	0.0149	-39830	0.5505	0.0132	NA	.	.
rs115560527	chr4:183802773	(C/T)	0.0179	57452	0.5505	0.0158	NA	5	NA
rs13107504	chr4:183741949	(G/A)	0.2942	-3372	0.5477	0.2508	G=A,A=G	5	NA
rs36050610	chr4:183734671	(CAC/-)	0.0467	-10650	0.5409	0.0411	NA	4	NA
rs146287157	chr4:183730069	(-/T)	0.0467	-15252	0.5409	0.0411	NA	3a	NA
.	chr4:183738116	(C/A)	0.0437	-7205	0.5403	0.0383	NA	7	.
.	chr4:183734444	(-/A)	0.0437	-10877	0.5403	0.0383	NA	.	.
rs13150902	chr4:183731653	(T/A)	0.4493	-13668	0.539	0.1241	G=T,A=A	4	NA
rs28662983	chr4:183730316	(C/A)	0.4463	-15005	0.5346	0.1236	G=C,A=A	2b	NA
rs4862099	chr4:183732526	(G/C)	0.4483	-12795	0.5329	0.1218	G=G,A=C	7	NA
rs59774869	chr4:183772545	(A/T)	0.1233	27224	0.5319	0.0139	NA	5	NA
rs4241753	chr4:183728987	(A/G)	0.4433	-16334	0.5302	0.123	G=A,A=G	5	NA
rs6840473	chr4:183729323	(C/G)	0.4453	-15998	0.5285	0.1212	G=C,A=G	4	NA
rs141536466	chr4:183731372	(-/CA)	0.4493	-13949	0.5251	0.1178	G=-,A=CA	5	NA
rs57789168	chr4:183734564	(CAC/-)	0.0507	-10757	0.524	0.0421	NA	.	NA
rs76122330	chr4:183653156	(C/G)	0.1282	-92165	0.5201	0.0139	NA	7	NA
rs148215443	chr4:183637987	(A/G)	0.0139	-107334	0.5184	0.0109	NA	6	NA
rs115597647	chr4:183627645	(G/T)	0.0139	-117676	0.5184	0.0109	NA	7	NA
rs6552576	chr4:183498021	(C/T)	0.0139	-247300	0.5184	0.0109	NA	4	NA
rs58931823	chr4:183772557	(A/G)	0.1402	27236	0.5061	0.0145	NA	5	NA
rs4861528	chr4:183775947	(A/G)	0.1392	30626	0.5025	0.0142	NA	5	NA
rs77150295	chr4:183726869	(G/A)	0.1103	-18452	0.5019	0.0896	NA	5	NA
.	chr4:183728851	(A/T)	0.0964	-16470	0.4995	0.0764	NA	5	.
rs10002421	chr4:183775102	(A/G)	0.1382	29781	0.4989	0.0139	NA	5	NA
rs78222730	chr4:183725049	(A/G)	0.1123	-20272	0.4988	0.0903	NA	5	NA
rs77121941	chr4:183722439	(A/G)	0.1123	-22882	0.4988	0.0903	NA	5	NA
rs4380559	chr4:183720436	(G/A)	0.1123	-24885	0.4988	0.0903	NA	5	NA
rs201574034	chr4:183727104	(T/G)	0.1143	-18217	0.4958	0.091	NA	5	NA
rs141860606	chr4:183738402	(C/A)	0.3678	-6919	0.4951	0.1468	G=C,A=A	7	NA
rs4862116	chr4:183763618	(A/G)	0.167	18297	0.4933	0.017	NA	7	NA
rs7656853	chr4:183756888	(A/G)	0.4781	11567	0.4932	0.0777	NA	7	NA
rs6552611	chr4:183761970	(G/C)	0.1461	16649	0.4736	0.0134	NA	6	NA
rs28406299	chr4:183742114	(A/G)	0.2416	-3207	0.4728	0.2043	G=G,A=A	6	NA
rs11433703	chr4:183721749	(-/A)	0.1143	-23572	0.4723	0.0826	NA	5	NA
rs28535434	chr4:183742136	(T/C)	0.2406	-3185	0.4706	0.2013	G=C,A=T	7	NA
rs12640991	chr4:183725333	(G/A)	0.1203	-19988	0.465	0.0848	NA	5	NA
rs71605092	chr4:183727352	(A/-)	0.4304	-17969	0.4638	0.0567	NA	.	NA
rs7684608	chr4:183629184	(A/T)	0.2048	-116137	0.4553	0.0186	NA	5	NA
rs11737652	chr4:183741099	(A/G)	0.2485	-4222	0.4552	0.1966	G=G,A=A	5	NA
rs11737625	chr4:183741071	(A/G)	0.2485	-4250	0.4552	0.1966	G=G,A=A	5	NA
rs13106178	chr4:183741525	(C/A)	0.2475	-3796	0.453	0.1937	G=A,A=C	5	NA
rs13105950	chr4:183741504	(A/G)	0.2475	-3817	0.453	0.1937	G=G,A=A	5	NA
rs74682367	chr4:183741493	(A/G)	0.2475	-3828	0.453	0.1937	G=G,A=A	5	NA
rs11729525	chr4:183741374	(G/A)	0.2475	-3947	0.453	0.1937	G=A,A=G	5	NA
rs4862098	chr4:183732363	(G/A)	0.2624	-12958	0.4525	0.2005	G=G,A=A	7	NA
rs62336293	chr4:183731524	(G/A)	0.2624	-13797	0.4525	0.2005	G=G,A=A	3a	NA
rs62336291	chr4:183731040	(T/C)	0.2624	-14281	0.4525	0.2005	G=T,A=C	4	NA
rs17267298	chr4:183730650	(T/C)	0.2634	-14671	0.4517	0.1989	G=T,A=C	1f	NA
rs72703980	chr4:183729202	(A/G)	0.2614	-16119	0.448	0.1976	G=A,A=G	4	NA
rs3805200	chr4:183709842	(G/A)	0.3757	-35479	0.4473	0.042	NA	5	NA
rs28448714	chr4:183706953	(A/C)	0.3797	-38368	0.4429	0.0419	NA	7	NA
rs6552595	chr4:183624169	(G/A)	0.2058	-121152	0.4392	0.0174	NA	7	NA
rs144225976	chr4:183730176	(-/GTG)	0.2555	-15145	0.4386	0.1893	G=-,A=GTG	4	NA
rs6825122	chr4:183645805	(G/A)	0.1571	-99516	0.4368	0.0124	NA	3a	NA
rs71620940	chr4:183628766	(T/G)	0.1501	-116555	0.4363	0.0117	NA	7	NA
rs36058479	chr4:183617471	(T/G)	0.1501	-127850	0.4363	0.0117	NA	7	NA
rs35743590	chr4:183624641	(A/G)	0.1491	-120680	0.4325	0.0114	NA	6	NA
rs78374339	chr4:183622564	(G/A)	0.1491	-122757	0.4325	0.0114	NA	7	NA
rs34461955	chr4:183619334	(A/G)	0.1491	-125987	0.4325	0.0114	NA	7	NA
rs34195417	chr4:183618707	(A/C)	0.1491	-126614	0.4325	0.0114	NA	5	NA
rs13130051	chr4:183611012	(T/A)	0.1491	-134309	0.4325	0.0114	NA	6	NA
rs34013558	chr4:183610151	(A/G)	0.1491	-135170	0.4325	0.0114	NA	5	NA
rs17073848	chr4:183609944	(A/G)	0.1491	-135377	0.4325	0.0114	NA	7	NA
rs13115104	chr4:183608883	(T/C)	0.1491	-136438	0.4325	0.0114	NA	7	NA
rs17073835	chr4:183605834	(A/G)	0.1491	-139487	0.4325	0.0114	NA	5	NA
rs17073833	chr4:183605285	(A/C)	0.1491	-140036	0.4325	0.0114	NA	7	NA
rs71620939	chr4:183603689	(A/G)	0.1491	-141632	0.4325	0.0114	NA	7	NA
rs6858496	chr4:183626332	(C/T)	0.2097	-118989	0.4315	0.0172	NA	5	NA
rs9784414	chr4:183624937	(G/A)	0.2097	-120384	0.4315	0.0172	NA	7	NA
rs11132150	chr4:183742739	(A/T)	0.4602	-2582	0.4299	0.0756	NA	6	NA
rs7692395	chr4:183624644	(G/T)	0.2087	-120677	0.4288	0.0169	NA	6	NA
rs68069135	chr4:183639078	(C/G)	0.1412	-106243	0.4278	0.0105	NA	4	NA
rs17264946	chr4:183795486	(G/A)	0.0726	50165	0.4273	0.041	NA	4	NA
rs28414244	chr4:183623867	(C/T)	0.2078	-121454	0.4261	0.0166	NA	7	NA
rs3038589	chr4:183673286	(-/CTAA)	0.1541	-72035	0.4259	0.0115	NA	4	NA
rs78524527	chr4:183685648	(C/T)	0.2465	-59673	0.4227	0.0204	NA	4	NA
rs9993361	chr4:183671543	(A/G)	0.1531	-73778	0.4221	0.0112	NA	7	NA
rs141109774	chr4:183778721	(A/G)	0.0209	33400	0.4221	0.0109	NA	5	NA
rs78524079	chr4:183633074	(C/T)	0.1461	-112247	0.4209	0.0106	NA	7	NA
rs4521384	chr4:183639292	(T/G)	0.159	-106029	0.4196	0.0116	NA	5	NA
rs56225241	chr4:183742144	(C/T)	0.4642	-3177	0.4185	0.0705	NA	7	NA
rs13132297	chr4:183645093	(G/C)	0.1451	-100228	0.417	0.0103	NA	7	NA
rs28603025	chr4:183742038	(G/A)	0.4602	-3283	0.4157	0.0706	NA	7	NA
rs13140498	chr4:183633639	(A/G)	0.1511	-111682	0.4145	0.0107	NA	6	NA
rs17073852	chr4:183613123	(A/G)	0.1511	-132198	0.4145	0.0107	NA	6	NA
rs28617556	chr4:183614814	(A/G)	0.2425	-130507	0.4133	0.0191	NA	6	NA
rs17327666	chr4:183613512	(T/G)	0.2425	-131809	0.4133	0.0191	NA	6	NA
rs71605082	chr4:183613145	(-/A)	0.2425	-132176	0.4133	0.0191	NA	7	NA
rs6845497	chr4:183611553	(A/G)	0.2425	-133768	0.4133	0.0191	NA	6	NA
rs13129507	chr4:183648098	(T/A)	0.1441	-97223	0.4129	0.01	NA	6	NA
rs2309702	chr4:183644974	(C/G)	0.1441	-100347	0.4129	0.01	NA	6	NA
rs2309701	chr4:183644965	(A/G)	0.1441	-100356	0.4129	0.01	NA	6	NA
rs35598636	chr4:183636705	(A/G)	0.1491	-108616	0.4067	0.0101	NA	5	NA
rs17328242	chr4:183636480	(T/G)	0.1491	-108841	0.4067	0.0101	NA	6	NA
rs114353677	chr4:184039240	(T/C)	0.0338	293919	0.4051	0.0165	NA	5	NA
rs6817534	chr4:183715310	(G/C)	0.4712	-30011	0.4041	0.0507	NA	5	NA
rs13121970	chr4:183649039	(A/G)	0.159	-96282	0.3954	0.0103	NA	6	NA
rs2309785	chr4:183646731	(G/T)	0.159	-98590	0.3954	0.0103	NA	6	NA
rs13138941	chr4:183646161	(A/T)	0.159	-99160	0.3954	0.0103	NA	6	NA
rs4862096	chr4:183719191	(T/A)	0.1849	-26130	0.391	0.0995	NA	5	NA
rs72999032	chr4:183740529	(G/T)	0.0417	-4792	0.39	0.019	NA	5	NA
rs6552609	chr4:183761854	(G/T)	0.3767	16533	0.3891	0.0873	NA	6	NA
rs149257860	chr4:183701038	(C/T)	0.3062	-44283	0.3844	0.0227	NA	7	NA
rs34100362	chr4:183646211	(-/T)	0.1859	-99110	0.3793	0.0114	NA	.	NA
rs150085574	chr4:184020344	(G/C)	0.0278	275023	0.3739	0.0115	NA	4	NA
rs73869842	chr4:183743658	(G/A)	0.0427	-1663	0.3728	0.0178	NA	5	NA
rs57067257	chr4:183740020	(T/C)	0.1958	-5301	0.3715	0.0117	NA	6	NA
rs7696694	chr4:183776837	(T/C)	0.4453	31516	0.369	0.0591	NA	2b	NA
rs34610826	chr4:183739062	(T/A)	0.1928	-6259	0.3618	0.0109	NA	5	NA
rs111859218	chr4:183744374	(C/T)	0.0398	-947	0.3595	0.0154	NA	7	NA
rs79702267	chr4:183740168	(G/A)	0.0398	-5153	0.3595	0.0154	NA	5	NA
rs68008872	chr4:183739383	(GTAT/-)	0.1918	-5938	0.3585	0.0106	NA	.	NA
rs6552610	chr4:183761911	(A/T)	0.3608	16590	0.3498	0.0241	NA	7	NA
rs4241760	chr4:183801104	(C/A)	0.2406	55783	0.3445	0.0131	NA	5	NA
rs146489660	chr4:183744473	(G/A)	0.0388	-848	0.343	0.0136	NA	6	NA
rs137951362	chr4:183877740	(G/T)	0.0388	132419	0.343	0.0136	NA	7	NA
rs77756282	chr4:183744033	(C/T)	0.0408	-1288	0.3422	0.0143	NA	5	NA
rs112136640	chr4:183743714	(T/A)	0.0408	-1607	0.3422	0.0143	NA	5	NA
rs113857289	chr4:183743034	(C/T)	0.0408	-2287	0.3422	0.0143	NA	7	NA
.	chr4:183856148	(C/A)	0.0408	110827	0.3422	0.0143	NA	.	.
rs12503451	chr4:183769256	(C/T)	0.4344	23935	0.3404	0.0526	NA	5	NA
rs6827132	chr4:183633697	(C/T)	0.0626	-111624	0.3364	0.0217	NA	6	NA
rs11735901	chr4:183781650	(C/G)	0.2256	36329	0.3352	0.0114	NA	5	NA
rs4330388	chr4:183771114	(T/A)	0.4294	25793	0.3192	0.0472	NA	7	NA
rs72703944	chr4:183637273	(A/G)	0.0706	-108048	0.3162	0.0218	NA	3a	NA
rs34006358	chr4:183767841	(C/T)	0.4215	22520	0.3152	0.0475	NA	4	NA
rs72705905	chr4:183768130	(T/A)	0.4056	22809	0.3141	0.0504	NA	3a	NA
rs72705904	chr4:183766571	(C/T)	0.4225	21250	0.3141	0.047	NA	5	NA
rs72703911	chr4:183551687	(C/T)	0.0447	-193634	0.3108	0.013	NA	7	NA
rs34996418	chr4:183931599	(T/-)	0.2783	186278	0.3091	0.0128	NA	.	NA
rs4397037	chr4:184190972	(G/A)	0.2614	445651	0.3085	0.0117	NA	6	NA
rs72703938	chr4:183627375	(G/A)	0.0716	-117946	0.307	0.0208	NA	7	NA
rs3843889	chr4:183563143	(A/G)	0.0517	-182178	0.2998	0.0141	NA	6	NA
rs115294409	chr4:183554084	(T/C)	0.0517	-191237	0.2998	0.0141	NA	6	NA
rs12498323	chr4:183759050	(C/T)	0.496	13729	0.2979	0.0314	NA	5	NA
rs6817480	chr4:183706314	(T/C)	0.2157	-39007	0.2978	0.07	NA	7	NA
rs12503577	chr4:183709271	(G/A)	0.2306	-36050	0.2967	0.0757	NA	6	NA
rs6817239	chr4:183706179	(T/C)	0.2167	-39142	0.2948	0.069	NA	5	NA
rs6839366	chr4:183706029	(A/G)	0.2177	-39292	0.2919	0.068	NA	6	NA
rs9996190	chr4:184196516	(G/T)	0.2594	451195	0.2884	0.0102	NA	7	NA
rs17073657	chr4:183552913	(G/A)	0.0507	-192408	0.2861	0.0125	NA	6	NA
rs185072409	chr4:183544320	(C/T)	0.0507	-201001	0.2861	0.0125	NA	7	NA
rs75544992	chr4:184132549	(A/G)	0.0507	387228	0.2861	0.0125	NA	7	NA
rs3814422	chr4:184203886	(G/C)	0.2634	458565	0.2846	0.0101	NA	5	missense
rs4290927	chr4:183771705	(G/A)	0.4175	26384	0.2814	0.0198	NA	5	NA
rs4438799	chr4:183771733	(C/T)	0.4175	26412	0.2814	0.0198	NA	5	NA
rs6822595	chr4:183768698	(A/G)	0.4095	23377	0.2769	0.0185	NA	5	NA
rs35275820	chr4:183707707	(T/-)	0.2276	-37614	0.2757	0.0643	NA	.	NA
rs111258072	chr4:183766578	(CTGTATTTCTTTTT/-)	0.4085	21257	0.2751	0.0182	NA	.	NA
rs11334782	chr4:183573942	(A/-)	0.0517	-171379	0.2739	0.0117	NA	.	.
rs6815360	chr4:183573852	(G/T)	0.0517	-171469	0.2739	0.0117	NA	6	NA
rs6815155	chr4:183573768	(G/A)	0.0517	-171553	0.2739	0.0117	NA	7	NA
rs6857813	chr4:183573390	(C/T)	0.0517	-171931	0.2739	0.0117	NA	7	NA
rs11940052	chr4:183766746	(C/T)	0.4076	21425	0.2733	0.0179	NA	6	NA
rs79785972	chr4:183551859	(A/G)	0.0497	-193462	0.2718	0.0111	NA	6	NA
rs11270328	chr4:183776333	(ATTGGGCATAAGACAAT/-)	0.4046	31012	0.268	0.017	NA	.	NA
rs13435441	chr4:183774314	(C/T)	0.4304	28993	0.2673	0.0188	NA	6	NA
rs11132152	chr4:183760216	(G/A)	0.1352	14895	0.2662	0.0318	NA	7	NA
rs4437297	chr4:183756167	(A/G)	0.3141	10846	0.2653	0.0112	NA	5	NA
rs2714546	chr4:183934023	(A/G)	0.3817	188702	0.2644	0.015	NA	4	NA
rs12498650	chr4:183628872	(G/A)	0.1421	-116449	0.2644	0.0332	NA	7	NA
rs12501438	chr4:183613837	(A/G)	0.1421	-131484	0.2644	0.0332	NA	5	NA
rs58879548	chr4:183994289	(T/-)	0.0547	248968	0.2644	0.0116	NA	.	NA
rs114431061	chr4:183574794	(A/G)	0.0527	-170527	0.2621	0.011	NA	7	NA
rs139000221	chr4:183574769	(TT/-)	0.0527	-170552	0.2621	0.011	NA	.	NA
rs1514473	chr4:183574444	(T/C)	0.0527	-170877	0.2621	0.011	NA	6	NA
rs10027523	chr4:183775512	(C/G)	0.4056	30191	0.2603	0.0161	NA	5	NA
rs35751669	chr4:183637657	(A/G)	0.1431	-107664	0.2602	0.0324	NA	5	NA
rs6842610	chr4:183715225	(T/G)	0.2783	-30096	0.2592	0.0607	NA	6	NA
rs17073903	chr4:183632181	(A/G)	0.1441	-113140	0.256	0.0317	NA	5	NA
rs4529100	chr4:183770756	(C/T)	0.4314	25435	0.2511	0.0167	NA	7	NA
rs59529460	chr4:183768548	(G/A)	0.4056	23227	0.2413	0.0138	NA	6	NA
rs4241752	chr4:183721852	(G/A)	0.3131	-23469	0.2385	0.0435	NA	5	NA
rs113850634	chr4:183693704	(T/-)	0.2117	-51617	0.2339	0.0422	NA	5	NA
rs11734227	chr4:183620363	(C/T)	0.4264	-124958	0.2288	0.0245	NA	5	NA
rs2309764	chr4:183619206	(G/A)	0.4264	-126115	0.2288	0.0245	NA	7	NA
rs2309765	chr4:183619011	(G/T)	0.4274	-126310	0.2275	0.0242	NA	7	NA
rs4862082	chr4:183618801	(T/C)	0.4274	-126520	0.2275	0.0242	NA	5	NA
rs4241748	chr4:183618777	(C/T)	0.4274	-126544	0.2275	0.0242	NA	5	NA
rs6845890	chr4:183759513	(G/A)	0.3728	14192	0.2262	0.0106	NA	7	NA
rs78214888	chr4:183618122	(-/C)	0.4284	-127199	0.2262	0.0238	NA	7	NA
rs35226237	chr4:183649017	(-/T)	0.3718	-96304	0.2241	0.0104	NA	6	NA
rs4862095	chr4:183717028	(T/A)	0.3171	-28293	0.2228	0.0373	NA	3a	NA
rs11132160	chr4:183851232	(T/C)	0.4742	105911	0.2213	0.0154	NA	7	NA
rs4365766	chr4:183719535	(A/G)	0.3191	-25786	0.2205	0.0362	NA	5	NA
rs1987079	chr4:183616911	(A/G)	0.3867	-128410	0.2161	0.0258	NA	7	NA
rs2309777	chr4:183722743	(T/C)	0.3489	-22578	0.2143	0.0299	NA	5	NA
rs7694547	chr4:183612535	(G/T)	0.167	-132786	0.2134	0.0262	NA	5	NA
rs12651562	chr4:183683237	(G/T)	0.4284	-62084	0.21	0.0115	NA	7	NA
rs10780065	chr4:183615598	(A/G)	0.166	-129723	0.2086	0.0249	NA	7	NA
rs12510283	chr4:183614692	(G/A)	0.166	-130629	0.2086	0.0249	NA	7	NA
rs12510251	chr4:183614584	(G/A)	0.166	-130737	0.2086	0.0249	NA	6	NA
rs67074930	chr4:184102777	(AC/-)	0.0875	357456	0.2031	0.0114	NA	.	NA
rs6823594	chr4:183651063	(G/C)	0.1809	-94258	0.1998	0.0253	NA	5	NA
rs13150898	chr4:183652996	(A/G)	0.164	-92325	0.1991	0.0223	NA	6	NA
rs72703977	chr4:183727122	(G/T)	0.339	-18199	0.1971	0.0264	NA	5	NA
rs7676674	chr4:183664593	(G/A)	0.3966	-80728	0.1905	0.0192	NA	7	NA
rs12650253	chr4:183663805	(A/G)	0.4016	-81516	0.1902	0.0188	NA	6	NA
rs7690035	chr4:183666740	(G/A)	0.3976	-78581	0.1891	0.0189	NA	4	NA
rs80276290	chr4:183761684	(C/T)	0.1431	16363	0.1853	0.0165	NA	6	NA
rs7674691	chr4:183669836	(A/T)	0.4026	-75485	0.1824	0.0172	NA	5	NA
rs6854270	chr4:184157434	(A/C)	0.4026	412113	0.1824	0.0172	NA	7	NA
rs2309766	chr4:183655362	(G/A)	0.4016	-89959	0.1773	0.0163	NA	6	NA
rs72691665	chr4:184024386	(G/C)	0.1123	279065	0.1766	0.0113	NA	5	NA
rs4861517	chr4:183602252	(G/A)	0.2018	-143069	0.1763	0.0225	NA	5	NA
rs13125012	chr4:184141783	(T/C)	0.4264	396462	0.1752	0.0144	NA	7	NA
rs11934254	chr4:183601594	(G/A)	0.2028	-143727	0.1737	0.022	NA	5	NA
rs4469120	chr4:184098334	(G/A)	0.4006	353013	0.1723	0.0155	NA	3a	NA
rs13145313	chr4:184159419	(A/C)	0.4016	414098	0.1709	0.0152	NA	6	NA
rs74988363	chr4:183659722	(G/C)	0.4066	-85599	0.1704	0.0148	NA	4	NA
rs2309763	chr4:183653708	(G/A)	0.1759	-91613	0.1696	0.0176	NA	6	NA
rs11132149	chr4:183670044	(A/G)	0.3956	-75277	0.1663	0.0147	NA	5	NA
rs11726093	chr4:183794349	(T/G)	0.4254	49028	0.1632	0.0125	NA	5	NA
rs33914616	chr4:183675227	(T/C)	0.173	-70094	0.163	0.0159	NA	7	NA
rs13131625	chr4:183674945	(G/T)	0.173	-70376	0.163	0.0159	NA	7	NA
rs6819099	chr4:183658993	(T/A)	0.4284	-86328	0.1589	0.0117	NA	5	NA
rs13112991	chr4:183684503	(C/A)	0.1879	-60818	0.1438	0.0137	NA	6	NA
rs2037067	chr4:183573584	(C/T)	0.3459	-171737	0.1415	0.0132	NA	7	NA
rs35433024	chr4:183668589	(A/G)	0.2028	-76732	0.1406	0.0144	NA	6	NA
rs35630924	chr4:183684152	(C/G)	0.1918	-61169	0.1406	0.0135	NA	6	NA
rs4069808	chr4:183684069	(TGA/-)	0.1918	-61252	0.1406	0.0135	NA	.	NA
rs4862090	chr4:183683784	(C/T)	0.1918	-61537	0.1406	0.0135	NA	5	NA
rs4241751	chr4:183683761	(C/A)	0.1918	-61560	0.1406	0.0135	NA	5	NA
rs10520539	chr4:183556999	(C/T)	0.3698	-188322	0.1395	0.0116	NA	7	NA
rs34076257	chr4:183670720	(T/C)	0.2008	-74601	0.1388	0.0139	NA	7	NA
rs67535946	chr4:183683971	(ATC/-)	0.1899	-61350	0.1386	0.0129	NA	.	NA
rs2309700	chr4:183684034	(A/G)	0.1928	-61287	0.1381	0.0131	NA	7	NA
rs370105444	chr4:183682600	(TCT/-)	0.1909	-62721	0.1361	0.0125	NA	.	NA
rs3073246	chr4:183683945	(AGAT/-)	0.1948	-61376	0.1331	0.0123	NA	.	NA
rs12512383	chr4:183676862	(G/A)	0.3539	-68459	0.1309	0.0109	NA	7	NA
rs12649423	chr4:184217356	(G/A)	0.2127	472035	0.1304	0.0132	NA	5	NA
rs2102690	chr4:183544705	(C/T)	0.3459	-200616	0.1297	0.0111	NA	7	NA
rs6852303	chr4:184219882	(G/A)	0.2117	474561	0.1263	0.0123	NA	7	NA
rs68040274	chr4:184236073	(G/A)	0.2097	490752	0.1244	0.0118	NA	5	NA
rs60718363	chr4:184190877	(T/C)	0.2247	445556	0.1229	0.0125	NA	6	NA
rs10560633	chr4:183635468	(AAA/-)	0.3231	-109853	0.1193	0.0104	NA	.	.
rs3814419	chr4:184204234	(G/A)	0.2247	458913	0.1169	0.0114	NA	7	NA
rs71620985	chr4:184213313	(C/T)	0.2306	467992	0.1165	0.0117	NA	6	NA
rs4862081	chr4:183602098	(C/G)	0.2773	-143223	0.1112	0.0112	NA	7	NA
rs35346291	chr4:184238324	(-/A)	0.2783	493003	0.11	0.0109	NA	6	NA
rs7681745	chr4:183526278	(T/C)	0.2376	-219043	0.1085	0.0105	NA	4	NA
rs7668575	chr4:183524210	(T/C)	0.2376	-221111	0.1085	0.0105	NA	7	NA
