rsid	coord	pval
rs61839660	chr10:6052734	5e-09
rs1265564	chr12:111270654	1e-16
rs2304256	chr19:10364976	4e-09
rs941576	chr14:100839708	1e-10
rs539514	chr13:75752146	6e-11
rs478222	chr2:25078886	4e-09
rs924043	chr6:170063801	8e-09
rs2903692	chr16:11144926	7e-11
rs2647044	chr6:32700133	1e-16
rs1004446	chr11:2148913	4e-09
rs11755527	chr6:90248512	5e-12
rs947474	chr10:6348488	4e-09
rs3825932	chr15:78943104	3e-15
rs229541	chr22:37195278	2e-08
rs6679677	chr1:113761186	1e-40
rs3087243	chr2:203874196	8e-11
rs9272346	chr6:32636595	6e-129
rs17696736	chr12:112049014	6e-18
rs2292239	chr12:56088396	3e-16
rs12708716	chr16:11086016	7e-13
rs2476601	chr1:113834946	9e-85
rs1990760	chr2:162267541	7e-09
rs3087243	chr2:203874196	1e-15
rs4505848	chr4:122211337	5e-13
rs12251307	chr10:6081532	1e-13
rs7111341	chr11:2191936	4e-48
rs2292239	chr12:56088396	2e-25
rs3184504	chr12:111446804	3e-27
rs12708716	chr16:11086016	2e-16
rs1893217	chr18:12809341	4e-15
rs11203203	chr21:42416077	2e-09
rs3024505	chr1:206766559	2e-09
rs10517086	chr4:26083889	5e-10
rs9388489	chr6:126377573	4e-13
rs7804356	chr7:26852046	5e-09
rs4948088	chr7:50959497	4e-08
rs7020673	chr9:4291747	5e-12
rs10509540	chr10:88263276	1e-28
rs4763879	chr12:9757568	2e-11
rs1465788	chr14:68796882	2e-12
rs4900384	chr14:98032614	4e-09
rs4788084	chr16:28528527	3e-13
rs7202877	chr16:75213347	3e-15
rs2290400	chr17:39909987	6e-13
rs7221109	chr17:40614034	1e-09
rs425105	chr19:46705224	3e-11
rs2281808	chr20:1629905	1e-11
rs5753037	chr22:30185733	3e-16
rs2664170	chrX:154717327	8e-09
rs9268645	chr6:32440750	1e-100
rs2523989	chr6:30110498	2e-08
rs886424	chr6:30814225	3e-14
rs2251396	chr6:31396930	1e-22
rs2857595	chr6:31600692	2e-23
rs1270942	chr6:31951083	5e-25
rs1980493	chr6:32395438	2e-20
rs1015166	chr6:32830954	4e-22
rs2476601	chr1:113834946	7e-20
rs2358994	chr1:113886839	2e-11
rs7679475	chr4:121392885	4e-10
rs7533564	chr1:78360228	2e-09
rs3024505	chr1:206766559	5e-10
rs1990760	chr2:162267541	2e-14
rs12722495	chr10:6055320	1e-38
rs1004446	chr11:2148913	3e-23
rs2292239	chr12:56088396	3e-27
rs12708716	chr16:11086016	5e-14
rs3087243	chr2:203874196	2e-17
rs4788084	chr16:28528527	1e-08
rs763361	chr18:69864406	1e-09
rs2304256	chr19:10364976	1e-10
rs2476601	chr1:113834946	2e-111
rs3184504	chr12:111446804	2e-38
rs11755527	chr6:90248512	3e-08
rs1701704	chr12:56018703	5e-18
rs689	chr11:2160994	5e-196
rs2542151	chr18:12779948	4e-13
rs7528684	chr1:157701026	8e-09
rs657152	chrNA:NA	1e-13
rs559047	chr1:238590616	4e-08
rs3135002	chr6:32700662	3e-08
rs115829748	chr5:72098560	1e-09
rs1701704	chr12:56018703	9e-10
rs17696736	chr12:112049014	2e-16
rs2292239	chr12:56088396	2e-20
rs12708716	chr16:11086016	3e-18
rs2542151	chr18:12779948	1e-14
rs763361	chr18:69864406	1e-08
rs6679677	chr1:113761186	8e-24
rs2476601	chr1:113834946	2e-80
rs1990760	chr2:162267541	2e-11
rs9976767	chr21:42416281	2e-08
rs4972593	chr2:173598126	4e-08
rs80028505	chr6:36030611	3e-08
rs2476601	chr1:113834946	1e-100
rs6691977	chr1:200845831	4e-08
rs4849135	chr2:110857502	4e-08
rs2111485	chr2:162254026	4e-18
rs35667974	chr2:162268127	9e-09
rs3087243	chr2:203874196	7e-21
rs75793288	chr4:122322441	6e-13
rs2611215	chr4:165653115	2e-11
rs11954020	chr5:35883149	4e-08
rs72928038	chr6:90267049	6e-14
rs1538171	chr6:126431738	7e-10
rs62447205	chr7:50398132	3e-08
rs6476839	chr9:4290823	1e-09
rs61839660	chr10:6052734	3e-39
rs10795791	chr10:6066377	6e-11
rs12416116	chr10:88275897	4e-15
rs689	chr11:2160994	1e-100
rs72853903	chr11:2177435	6e-10
rs705705	chr12:56041720	4e-32
rs653178	chr12:111569952	2e-44
rs9585056	chr13:99429512	3e-08
rs1456988	chr14:98021670	3e-08
rs56994090	chr14:100840110	1e-11
rs72727394	chr15:38554821	4e-10
rs34593439	chr15:78942615	9e-14
rs151234	chr16:28494339	5e-11
rs12927355	chr16:11100914	3e-22
rs193778	chr16:11257354	4e-10
rs8056814	chr16:75218429	3e-19
rs12453507	chr17:39896954	1e-08
rs1893217	chr18:12809341	1e-15
rs1615504	chr18:69859408	2e-11
rs34536443	chr19:10352442	4e-15
rs516246	chr19:48702915	5e-14
rs6043409	chr20:1635560	3e-10
rs11203202	chr21:42405248	1e-15
rs4820830	chrNA:NA	1e-12
rs229533	chr22:37191071	2e-08
rs2066363	chr1:81771892	8e-11
rs7660520	chr4:182824168	8e-11
rs7100025	chr10:37303610	8e-11
rs77150043	chr16:50270338	6e-09
rs2807264	chrX:136583619	1e-08
rs11580078	chr1:67203951	8e-11
rs6679677	chr1:113761186	8e-11
rs36001488	chr2:233276621	8e-11
rs4625	chr3:49534707	8e-11
rs62324212	chr4:122639784	3e-08
rs7725052	chr5:40487168	8e-11
rs7731626	chr5:56148856	1e-10
rs11741255	chr5:132475490	2e-09
rs755374	chr5:159402286	2e-10
rs4246905	chr9:114790969	1e-08
rs11145763	chr9:136369144	3e-08
rs706778	chr10:6056986	6e-09
rs10822050	chr10:62679011	8e-11
rs1250563	chr10:79287626	1e-08
rs1332099	chr10:99538694	9e-11
rs17885785	chr11:2146620	8e-11
rs17466626	chr12:40366829	3e-10
rs1689510	chr12:56002984	4e-09
rs72743477	chr15:67171953	8e-11
rs12598357	chr16:28329624	4e-09
rs117372389	chr16:50634166	8e-11
rs11171739	chr12:56076841	1e-11
rs17696736	chr12:112049014	2e-14
rs6679677	chr1:113761186	5e-26
rs9272346	chr6:32636595	5e-134
