chr	start	end	rsid	enh_pos	num	dis
chr1	67670132	67670133	rs1004820	chr1:67669979-67670259	2	0
chr1	78836873	78836874	rs116050397	chr1:78836526-78836903	3	0
chr1	78938593	78938594	rs145924861	chr1:78938446-78939197	6	0
chr1	78938594	78938595	rs3075324	chr1:78938446-78939197	6	0
chr1	78939020	78939021	rs1322924	chr1:78938446-78939197	6	0
chr1	114377567	114377568	rs2476601	chr1:114377420-114377736	2	0
chr1	114448388	114448389	rs11552449	chr1:114446369-114448589	133	0
chr1	114449661	114449662	rs3761936	chr1:114449451-114449702	1	0
chr1	157596137	157596138	rs2758640	chr1:157595835-157596291	7	0
chr1	157611632	157611633	rs2778012	chr1:157611595-157611920	1	0
chr1	157623016	157623017	rs2785665	chr1:157622784-157623477	14	0
chr1	157630311	157630312	rs2778006	chr1:157630066-157630322	1	0
chr1	157670289	157670290	rs945635	chr1:157670277-157670870	2	0
chr1	157670815	157670816	rs7528684	chr1:157670277-157670870	2	0
chr1	157674996	157674997	rs2317230	chr1:157674772-157675002	1	0
chr1	157692043	157692044	rs2873405	chr1:157691566-157692326	3	0
chr1	200748759	200748760	rs6658395	chr1:200748364-200748883	5	0
chr1	200832583	200832584	rs7533782	chr1:200832194-200832616	5	0
chr1	206939903	206939904	rs3024505	chr1:206939515-206940377	48	0
chr1	206942412	206942413	rs3024495	chr1:206941859-206943393	35	0
chr1	206943967	206943968	rs3024493	chr1:206943698-206944427	12	0
chr1	206955040	206955041	rs3122605	chr1:206954877-206955113	1	0
chr1	206956115	206956116	rs61815643	chr1:206955725-206956315	21	0
chr1	238757540	238757541	rs679939	chr1:238757344-238757614	1	0
chr1	238757598	238757599	rs680023	chr1:238757344-238757614	1	0
chr1	238774831	238774832	rs590734	chr1:238774711-238775222	5	0
chr1	238775133	238775134	rs71685020	chr1:238774711-238775222	5	0
chr1	238775137	238775138	rs3062379	chr1:238774711-238775222	5	0
chr1	238775824	238775825	rs522165	chr1:238775660-238775980	2	0
chr10	6061478	6061479	rs28360490	chr10:6061075-6061800	6	0
chr10	6061498	6061499	rs28360489	chr10:6061075-6061800	6	0
chr10	6094696	6094697	rs61839660	chr10:6094268-6095164	37	0
chr10	6096666	6096667	rs12722496	chr10:6095754-6096729	14	0
chr10	6098948	6098949	rs706778	chr10:6098649-6099060	2	0
chr10	6102724	6102725	rs3134882	chr10:6102689-6102965	2	0
chr10	6112604	6112605	rs10905713	chr10:6112375-6113014	3	0
chr10	6113522	6113523	rs12412095	chr10:6113479-6113663	1	0
chr10	6114659	6114660	rs41295061	chr10:6114363-6114949	13	0
chr10	6114855	6114856	rs10905718	chr10:6114363-6114949	13	0
chr10	6116974	6116975	rs41295065	chr10:6116800-6117139	3	0
chr10	6121702	6121703	rs79116804	chr10:6121697-6121977	1	0
chr10	6121726	6121727	rs375054850	chr10:6121697-6121977	1	0
chr10	6390191	6390192	rs2387397	chr10:6389309-6390857	40	0
chr10	6390449	6390450	rs947474	chr10:6389309-6390857	40	0
chr10	6402678	6402679	rs10752291	chr10:6402138-6402848	1	0
chr10	6402740	6402741	rs10796045	chr10:6402138-6402848	1	0
chr10	6406659	6406660	rs71391823	chr10:6406123-6406719	1	0
chr10	6406660	6406661	rs5816473	chr10:6406123-6406719	1	0
chr10	64391845	64391846	rs10995246	chr10:64391433-64392778	45	0
chr10	64396915	64396916	rs10995249	chr10:64396551-64398564	61	0
chr10	64396920	64396921	rs10995250	chr10:64396551-64398564	61	0
chr10	64397537	64397538	rs16917546	chr10:64396551-64398564	61	0
chr10	64398465	64398466	rs10995251	chr10:64396551-64398564	61	0
chr10	64415412	64415413	rs7094595	chr10:64414893-64415882	43	0
chr10	64441203	64441204	rs12766391	chr10:64440833-64441746	46	0
chr10	64441246	64441247	rs377259998	chr10:64440833-64441746	46	0
chr10	64441259	64441260	rs3971235	chr10:64440833-64441746	46	0
chr10	81034382	81034383	rs76370547	chr10:81033891-81034974	8	0
chr10	81034383	81034384	rs60254670	chr10:81033891-81034974	8	0
chr10	81034669	81034670	rs1250542	chr10:81033891-81034974	8	0
chr10	81042474	81042475	rs1250573	chr10:81042010-81042526	2	0
chr10	81045206	81045207	rs1250569	chr10:81044429-81046875	89	0
chr10	81045279	81045280	rs1250568	chr10:81044429-81046875	89	0
chr10	81046452	81046453	rs1250566	chr10:81044429-81046875	89	0
chr10	81059334	81059335	rs1250551	chr10:81058408-81059711	26	0
chr10	81060828	81060829	rs1782648	chr10:81060469-81060899	1	0
chr10	90022398	90022399	rs9665166	chr10:90022375-90022732	3	0
chr10	90023032	90023033	rs10509540	chr10:90022922-90023056	1	0
chr10	90031902	90031903	rs17110523	chr10:90030484-90032302	59	0
chr10	90033611	90033612	rs111709781	chr10:90033215-90033811	3	0
chr10	90033612	90033613	rs5816477	chr10:90033215-90033811	3	0
chr10	90041833	90041834	rs4934390	chr10:90041277-90041988	7	0
chr10	90047349	90047350	rs2018705	chr10:90046896-90047380	1	0
chr10	90051696	90051697	rs1035796	chr10:90051406-90051716	2	0
chr10	101281013	101281014	rs7077040	chr10:101279553-101283743	18	0
chr10	101282552	101282553	rs4919342	chr10:101279553-101283743	18	0
chr10	101282603	101282604	rs11403745	chr10:101279553-101283743	18	0
chr10	101282604	101282605	rs138562311	chr10:101279553-101283743	18	0
chr10	101282967	101282968	rs10883361	chr10:101279553-101283743	18	0
chr10	101283327	101283328	rs10786557	chr10:101279553-101283743	18	0
chr10	101283329	101283330	rs10748781	chr10:101279553-101283743	18	0
chr10	101283388	101283389	rs10748782	chr10:101279553-101283743	18	0
chr10	101284236	101284237	rs4409764	chr10:101284210-101285399	3	0
chr10	101284344	101284345	rs4129134	chr10:101284210-101285399	3	0
chr10	101284569	101284570	rs4129133	chr10:101284210-101285399	3	0
chr10	101284636	101284637	rs4129132	chr10:101284210-101285399	3	0
chr10	101286847	101286848	rs11190135	chr10:101286618-101289080	5	0
chr10	101286983	101286984	rs10883362	chr10:101286618-101289080	5	0
chr10	101287609	101287610	rs10786558	chr10:101286618-101289080	5	0
chr10	101287763	101287764	rs10883365	chr10:101286618-101289080	5	0
chr10	101287784	101287785	rs10883366	chr10:101286618-101289080	5	0
chr10	101287989	101287990	rs10883367	chr10:101286618-101289080	5	0
chr10	101288346	101288347	rs7085798	chr10:101286618-101289080	5	0
chr10	101289652	101289653	rs1548964	chr10:101289252-101291979	9	0
chr10	101289702	101289703	rs1548963	chr10:101289252-101291979	9	0
chr10	101289734	101289735	rs1548962	chr10:101289252-101291979	9	0
chr10	101290300	101290301	rs6584283	chr10:101289252-101291979	9	0
chr10	101291471	101291472	rs10883370	chr10:101289252-101291979	9	0
chr10	101291592	101291593	rs11190140	chr10:101289252-101291979	9	0
chr10	101292454	101292455	rs10883371	chr10:101292109-101297278	14	0
chr10	101292482	101292483	rs10883372	chr10:101292109-101297278	14	0
chr10	101292483	101292484	rs10883373	chr10:101292109-101297278	14	0
chr10	101293034	101293035	rs41290504	chr10:101292109-101297278	14	0
chr10	101293317	101293318	rs7908704	chr10:101292109-101297278	14	0
chr10	101293340	101293341	rs7893840	chr10:101292109-101297278	14	0
chr10	101293467	101293468	rs7911680	chr10:101292109-101297278	14	0
chr10	101301345	101301346	rs1332100	chr10:101298667-101301598	5	0
chr10	101316141	101316142	rs10883376	chr10:101315482-101316184	9	0
chr11	2165172	2165173	rs11603378	chr11:2163523-2166529	18	0
chr11	2181394	2181395	rs3842748	chr11:2181307-2182097	1	0
chr11	2184335	2184336	rs3842729	chr11:2184208-2184632	1	0
chr11	2194419	2194420	rs10770142	chr11:2194354-2194797	4	0
chr11	2197111	2197112	rs7482891	chr11:2196868-2197245	3	0
chr11	2197131	2197132	rs4929964	chr11:2196868-2197245	3	0
chr11	2197435	2197436	rs4929966	chr11:2197376-2198125	4	0
chr11	2206828	2206829	rs11564706	chr11:2206664-2207050	2	0
chr11	2207045	2207046	rs11564705	chr11:2206664-2207050	2	0
chr11	2207904	2207905	rs67110785	chr11:2207870-2208328	8	0
chr11	2212447	2212448	rs67957462	chr11:2212073-2212734	5	0
chr11	2212486	2212487	rs68037604	chr11:2212073-2212734	5	0
chr11	2212583	2212584	rs76361611	chr11:2212073-2212734	5	0
chr11	2212722	2212723	rs113607956	chr11:2212073-2212734	5	0
chr11	2212723	2212724	rs2521331	chr11:2212073-2212734	5	0
chr11	2214466	2214467	rs7947138	chr11:2214419-2215284	7	0
chr11	2214639	2214640	rs7125284	chr11:2214419-2215284	7	0
chr11	2214803	2214804	rs7107385	chr11:2214419-2215284	7	0
chr11	2214810	2214811	rs7107390	chr11:2214419-2215284	7	0
chr11	2215088	2215089	rs7107784	chr11:2214419-2215284	7	0
chr11	2215227	2215228	rs11043047	chr11:2214419-2215284	7	0
chr12	9874897	9874898	rs10772083	chr12:9873831-9874907	33	0
chr12	9882699	9882700	rs4763839	chr12:9882567-9883079	4	0
chr12	9884409	9884410	rs4763840	chr12:9884004-9884858	6	0
chr12	9905850	9905851	rs917911	chr12:9903879-9907422	37	0
chr12	9910163	9910164	rs4763879	chr12:9909893-9912151	13	0
chr12	40499593	40499594	rs139518863	chr12:40498501-40500708	55	0
chr12	40582576	40582577	rs76317623	chr12:40582464-40583549	2	0
chr12	40583139	40583140	rs75519193	chr12:40582464-40583549	2	0
chr12	40587013	40587014	rs17443206	chr12:40586265-40587310	22	0
chr12	40592493	40592494	rs201212381	chr12:40592424-40592824	1	0
chr12	40592494	40592495	rs143626010	chr12:40592424-40592824	1	0
chr12	40597278	40597279	rs138053637	chr12:40596908-40597288	1	0
chr12	40616069	40616070	rs144157802	chr12:40616054-40616411	3	0
chr12	40616070	40616071	rs56365860	chr12:40616054-40616411	3	0
chr12	40618096	40618097	rs1388597	chr12:40618051-40619759	34	0
chr12	40618713	40618714	rs139549144	chr12:40618051-40619759	34	0
chr12	40627455	40627456	rs117544909	chr12:40627379-40627905	3	0
chr12	40707112	40707113	rs12427245	chr12:40706759-40707173	3	0
chr12	40711446	40711447	rs4768228	chr12:40711284-40711604	2	0
chr12	40768904	40768905	rs12422527	chr12:40768891-40769323	2	0
chr12	40768920	40768921	rs139236560	chr12:40768891-40769323	2	0
chr12	40768921	40768922	rs34830688	chr12:40768891-40769323	2	0
chr12	40772750	40772751	rs17466738	chr12:40772589-40772901	2	0
chr12	40825107	40825108	rs11564242	chr12:40825021-40825348	2	0
chr12	40825216	40825217	rs11564241	chr12:40825021-40825348	2	0
chr12	40825334	40825335	rs11564114	chr12:40825021-40825348	2	0
chr12	40909152	40909153	rs111741276	chr12:40908703-40909516	9	0
chr12	40947000	40947001	rs141711230	chr12:40946742-40947011	1	0
chr12	40951865	40951866	rs3751170	chr12:40951840-40952116	2	0
chr12	40951889	40951890	rs3751171	chr12:40951840-40952116	2	0
chr12	40959154	40959155	rs117791815	chr12:40958895-40959461	4	0
chr12	40960437	40960438	rs149554785	chr12:40959988-40960528	1	0
chr12	56375739	56375740	rs773111	chr12:56375722-56376018	2	0
chr12	56375880	56375881	rs773112	chr12:56375722-56376018	2	0
chr12	56390363	56390364	rs772920	chr12:56389868-56391690	75	0
chr12	56390635	56390636	rs705702	chr12:56389868-56391690	75	0
chr12	56393336	56393337	rs1081975	chr12:56393190-56393917	2	0
chr12	56401084	56401085	rs10876864	chr12:56400598-56402509	64	0
chr12	56435411	56435412	rs705704	chr12:56434738-56437067	100	0
chr12	56435503	56435504	rs705705	chr12:56434738-56437067	100	0
chr12	56435928	56435929	rs1131017	chr12:56434738-56437067	100	0
chr12	56473807	56473808	rs7297175	chr12:56472575-56475103	112	0
chr12	56474378	56474379	rs3741499	chr12:56472575-56475103	112	0
chr12	56474479	56474480	rs4759229	chr12:56472575-56475103	112	0
chr12	56478001	56478002	rs10876870	chr12:56477826-56478066	1	0
chr12	56482179	56482180	rs2292239	chr12:56481968-56482564	2	0
chr12	111884607	111884608	rs3184504	chr12:111881951-111885108	79	0
chr12	112007755	112007756	rs653178	chr12:112007687-112008435	13	0
chr12	112083161	112083162	rs11065991	chr12:112083133-112083577	5	0
chr12	112486817	112486818	rs17696736	chr12:112486755-112487022	1	0
chr12	112553031	112553032	rs10850001	chr12:112552648-112553570	6	0
chr12	112871371	112871372	rs11066301	chr12:112871085-112871372	2	0
chr13	76318452	76318453	rs4885345	chr13:76318297-76318646	2	0
chr13	76319459	76319460	rs528783	chr13:76319357-76320067	1	0
chr13	76334817	76334818	rs7997101	chr13:76334153-76335170	43	0
chr13	76337779	76337780	rs530855	chr13:76337690-76338066	5	0
chr13	100079832	100079833	rs9517712	chr13:100079395-100079991	1	0
chr14	69258840	69258841	rs927292	chr14:69250548-69263605	435	0
chr14	69260510	69260511	rs17106304	chr14:69250548-69263605	435	0
chr14	69261161	69261162	rs2236263	chr14:69250548-69263605	435	0
chr14	69262440	69262441	rs3742887	chr14:69250548-69263605	435	0
chr14	69263340	69263341	rs8011558	chr14:69250548-69263605	435	0
chr14	69263598	69263599	rs1465788	chr14:69250548-69263605	435	0
chr14	69264564	69264565	rs34233420	chr14:69263708-69264858	22	0
chr14	69264655	69264656	rs194778	chr14:69263708-69264858	22	0
chr14	69267694	69267695	rs1595260	chr14:69267694-69268024	2	0
chr14	69268398	69268399	rs1595261	chr14:69268081-69268965	3	0
chr14	69273904	69273905	rs194749	chr14:69273220-69274413	12	0
chr14	69282332	69282333	rs402223	chr14:69280973-69284071	129	0
chr14	69282710	69282711	rs168962	chr14:69280973-69284071	129	0
chr14	69288431	69288432	rs194741	chr14:69285831-69289705	71	0
chr14	69289900	69289901	rs750658	chr14:69289725-69290025	1	0
chr14	69307484	69307485	rs194730	chr14:69307060-69307650	4	0
chr14	69307630	69307631	rs35196450	chr14:69307060-69307650	4	0
chr14	69310511	69310512	rs174213	chr14:69310070-69311177	20	0
chr14	98481336	98481337	rs12436459	chr14:98481260-98481524	1	0
chr14	98481419	98481420	rs9323979	chr14:98481260-98481524	1	0
chr14	98481425	98481426	rs9323980	chr14:98481260-98481524	1	0
chr14	98481449	98481450	rs9323981	chr14:98481260-98481524	1	0
chr14	98481451	98481452	rs9323982	chr14:98481260-98481524	1	0
chr14	101306841	101306842	rs202126107	chr14:101306610-101307304	3	0
chr15	38846677	38846678	rs7170151	chr15:38846519-38847247	5	0
chr15	38846737	38846738	rs4924273	chr15:38846519-38847247	5	0
chr15	38847021	38847022	rs72727394	chr15:38846519-38847247	5	0
chr15	38850261	38850262	rs11631591	chr15:38850060-38851293	6	0
chr15	38850329	38850330	rs7173565	chr15:38850060-38851293	6	0
chr15	38856960	38856961	rs55728265	chr15:38855901-38857839	62	0
chr15	38904545	38904546	rs72729312	chr15:38904300-38904671	3	0
chr15	38909463	38909464	rs147034755	chr15:38909305-38909965	2	0
chr15	38915312	38915313	rs56279249	chr15:38915015-38915431	3	0
chr15	38916711	38916712	rs72729320	chr15:38916659-38917379	5	0
chr15	38920178	38920179	rs56165729	chr15:38919898-38920614	12	0
chr15	38920446	38920447	rs16967120	chr15:38919898-38920614	12	0
chr15	67441749	67441750	rs72743461	chr15:67440459-67443335	102	0
chr15	67441996	67441997	rs1866316	chr15:67440459-67443335	102	0
chr15	67442595	67442596	rs17293632	chr15:67440459-67443335	102	0
chr15	67448898	67448899	rs8032739	chr15:67448713-67449130	4	0
chr15	67449659	67449660	rs2033784	chr15:67449412-67450095	1	0
chr15	67458151	67458152	rs4562997	chr15:67457073-67458584	8	0
chr15	67468284	67468285	rs17294280	chr15:67466992-67468552	33	0
chr15	79219187	79219188	rs3784539	chr15:79218455-79219925	3	0
chr15	79220585	79220586	rs4779112	chr15:79220070-79220705	1	0
chr15	79222923	79222924	rs7496812	chr15:79222918-79227115	28	0
chr15	79223680	79223681	rs2289699	chr15:79222918-79227115	28	0
chr15	79229959	79229960	rs371095822	chr15:79229308-79230189	23	0
chr15	79231477	79231478	rs12148472	chr15:79231093-79232658	26	0
chr15	79231517	79231518	rs11638844	chr15:79231093-79232658	26	0
chr15	79231615	79231616	rs10400902	chr15:79231093-79232658	26	0
chr15	79232318	79232319	rs11072815	chr15:79231093-79232658	26	0
chr15	79232329	79232330	rs11856301	chr15:79231093-79232658	26	0
chr15	79234267	79234268	rs2870085	chr15:79234184-79235800	6	0
chr15	79234377	79234378	rs10400877	chr15:79234184-79235800	6	0
chr15	79234383	79234384	rs10400881	chr15:79234184-79235800	6	0
chr15	79234469	79234470	rs34843303	chr15:79234184-79235800	6	0
chr15	79234863	79234864	rs11855406	chr15:79234184-79235800	6	0
chr15	79234956	79234957	rs34593439	chr15:79234184-79235800	6	0
chr15	79235445	79235446	rs3825932	chr15:79234184-79235800	6	0
chr15	79236814	79236815	rs11072817	chr15:79236548-79237884	46	0
chr15	79236932	79236933	rs11072818	chr15:79236548-79237884	46	0
chr15	79237179	79237180	rs1036937	chr15:79236548-79237884	46	0
chr15	79237246	79237247	rs1036938	chr15:79236548-79237884	46	0
chr15	79237292	79237293	rs2289702	chr15:79236548-79237884	46	0
chr15	79237323	79237324	rs1036939	chr15:79236548-79237884	46	0
chr16	11085967	11085968	rs7403919	chr16:11084992-11086107	33	0
chr16	11092318	11092319	rs8062322	chr16:11092183-11092499	1	0
chr16	11099706	11099707	rs7194305	chr16:11099526-11099795	2	0
chr16	11111346	11111347	rs9935174	chr16:11110279-11111560	22	0
chr16	11114838	11114839	rs1985372	chr16:11114648-11115058	2	0
chr16	11118499	11118500	rs1861548	chr16:11118112-11118582	11	0
chr16	11119485	11119486	rs8049882	chr16:11118764-11119571	13	0
chr16	11132632	11132633	rs720130	chr16:11132472-11133042	5	0
chr16	11146741	11146742	rs71077794	chr16:11145760-11146768	31	0
chr16	11150097	11150098	rs12924259	chr16:11149931-11150195	1	0
chr16	11156008	11156009	rs11404982	chr16:11155788-11156038	1	0
chr16	11166687	11166688	rs11865121	chr16:11166281-11167062	14	0
chr16	11172108	11172109	rs2058531	chr16:11171667-11172419	23	0
chr16	11177393	11177394	rs9931397	chr16:11177285-11177485	1	0
chr16	11177823	11177824	rs12708715	chr16:11177617-11178795	13	0
chr16	11178244	11178245	rs9929994	chr16:11177617-11178795	13	0
chr16	11181755	11181756	rs7204099	chr16:11181640-11181880	1	0
chr16	11182133	11182134	rs7203793	chr16:11182009-11182291	1	0
chr16	11183562	11183563	rs9888868	chr16:11183313-11183623	1	0
chr16	11187861	11187862	rs12917656	chr16:11187855-11188570	31	0
chr16	11188929	11188930	rs12919083	chr16:11188584-11189180	3	0
chr16	11188940	11188941	rs140148	chr16:11188584-11189180	3	0
chr16	11189147	11189148	rs12917716	chr16:11188584-11189180	3	0
chr16	11191399	11191400	rs12928537	chr16:11190849-11191427	4	0
chr16	11193879	11193880	rs3893661	chr16:11193488-11194745	59	0
chr16	11193929	11193930	rs3893660	chr16:11193488-11194745	59	0
chr16	11194017	11194018	rs3862468	chr16:11193488-11194745	59	0
chr16	11196040	11196041	rs9941107	chr16:11195551-11196475	36	0
chr16	11197389	11197390	rs12924667	chr16:11197288-11197512	1	0
chr16	11198834	11198835	rs11642631	chr16:11198305-11199883	67	0
chr16	11199446	11199447	rs6498160	chr16:11198305-11199883	67	0
chr16	11199677	11199678	rs998592	chr16:11198305-11199883	67	0
chr16	11207721	11207722	rs7203150	chr16:11207705-11208115	2	0
chr16	11207893	11207894	rs9746695	chr16:11207705-11208115	2	0
chr16	11231856	11231857	rs2867880	chr16:11231753-11232236	3	0
chr16	11241805	11241806	rs62026379	chr16:11241729-11242045	1	0
chr16	11241905	11241906	rs17673553	chr16:11241729-11242045	1	0
chr16	11328248	11328249	rs6498177	chr16:11327849-11328284	7	0
chr16	11343119	11343120	rs80945	chr16:11342955-11351756	222	0
chr16	11343546	11343547	rs181582	chr16:11342955-11351756	222	0
chr16	11345698	11345699	rs149310	chr16:11342955-11351756	222	0
chr16	11350964	11350965	rs193779	chr16:11342955-11351756	222	0
chr16	11351210	11351211	rs193778	chr16:11342955-11351756	222	0
chr16	11370828	11370829	rs4780356	chr16:11370745-11371038	2	0
chr16	11370970	11370971	rs4780357	chr16:11370745-11371038	2	0
chr16	11373300	11373301	rs7198849	chr16:11373064-11374319	40	0
chr16	11374211	11374212	rs4780358	chr16:11373064-11374319	40	0
chr16	11378074	11378075	rs55707838	chr16:11377680-11378291	9	0
chr16	11387574	11387575	rs441021	chr16:11386854-11387631	6	0
chr16	11396839	11396840	rs8048768	chr16:11396787-11397067	1	0
chr16	11402398	11402399	rs13330151	chr16:11402366-11403193	38	0
chr16	11407235	11407236	rs8056282	chr16:11406336-11407502	24	0
chr16	11412926	11412927	rs72773831	chr16:11412871-11413135	1	0
chr16	11413122	11413123	rs72773832	chr16:11412871-11413135	1	0
chr16	11413588	11413589	rs17605444	chr16:11413334-11413878	1	0
chr16	11414065	11414066	rs12934968	chr16:11413918-11414228	1	0
chr16	11414159	11414160	rs4315353	chr16:11413918-11414228	1	0
chr16	11414195	11414196	rs4356497	chr16:11413918-11414228	1	0
chr16	11415594	11415595	rs56136462	chr16:11415563-11416039	2	0
chr16	11415638	11415639	rs3931015	chr16:11415563-11416039	2	0
chr16	11415890	11415891	rs4780363	chr16:11415563-11416039	2	0
chr16	11422835	11422836	rs4390613	chr16:11420630-11423461	94	0
chr16	11427747	11427748	rs7186455	chr16:11427485-11428205	7	0
chr16	11428761	11428762	rs4781069	chr16:11428686-11429198	2	0
chr16	11439495	11439496	rs11545336	chr16:11438803-11439964	60	0
chr16	11440757	11440758	rs7202024	chr16:11440610-11441556	5	0
chr16	11440860	11440861	rs7206017	chr16:11440610-11441556	5	0
chr16	11442027	11442028	rs7195536	chr16:11441769-11442037	1	0
chr16	11444725	11444726	rs6498185	chr16:11444639-11445304	6	0
chr16	28341630	28341631	rs3986619	chr16:28341516-28342006	4	0
chr16	28485140	28485141	rs149299	chr16:28485008-28485486	11	0
chr16	28502409	28502410	rs35391227	chr16:28502301-28503958	92	0
chr16	28505659	28505660	rs151234	chr16:28505296-28506280	36	0
chr16	28507643	28507644	rs180743	chr16:28507458-28508523	1	0
chr16	28508047	28508048	rs180744	chr16:28507458-28508523	1	0
chr16	28508068	28508069	rs151174	chr16:28507458-28508523	1	0
chr16	28508446	28508447	rs40831	chr16:28507458-28508523	1	0
chr16	28512370	28512371	rs181203	chr16:28512321-28513127	4	0
chr16	28512523	28512524	rs181204	chr16:28512321-28513127	4	0
chr16	28512883	28512884	rs114558014	chr16:28512321-28513127	4	0
chr16	28513071	28513072	rs201090562	chr16:28512321-28513127	4	0
chr16	28516663	28516664	rs35352766	chr16:28516233-28517346	21	0
chr16	28519095	28519096	rs153109	chr16:28519078-28519822	39	0
chr16	28532187	28532188	rs62034319	chr16:28532065-28532409	1	0
chr16	28533070	28533071	rs28698667	chr16:28532774-28533086	1	0
chr16	28535304	28535305	rs28772958	chr16:28535258-28535596	2	0
chr16	28536472	28536473	rs62034323	chr16:28535939-28536516	8	0
chr16	28537970	28537971	rs2106480	chr16:28537483-28538762	37	0
chr16	28538335	28538336	rs231972	chr16:28537483-28538762	37	0
chr16	28538639	28538640	rs62034325	chr16:28537483-28538762	37	0
chr16	28539847	28539848	rs4788084	chr16:28539688-28540156	9	0
chr16	28543380	28543381	rs12446550	chr16:28543208-28544066	8	0
chr16	28550666	28550667	rs3785354	chr16:28549905-28550678	22	0
chr16	28554107	28554108	rs1074631	chr16:28554011-28554608	3	0
chr16	28565488	28565489	rs62034351	chr16:28564921-28565969	68	0
chr16	28565666	28565667	rs7191618	chr16:28564921-28565969	68	0
chr16	28565952	28565953	rs7187604	chr16:28564921-28565969	68	0
chr16	28567003	28567004	rs231970	chr16:28566849-28567341	3	0
chr16	28586126	28586127	rs7193402	chr16:28586113-28586620	2	0
chr16	28596883	28596884	rs10521145	chr16:28596789-28597491	2	0
chr16	28607069	28607070	rs4149406	chr16:28606816-28607120	1	0
chr16	28607531	28607532	rs4115668	chr16:28607431-28608032	12	0
chr16	28608229	28608230	rs743590	chr16:28608062-28608638	19	0
chr16	28608340	28608341	rs762633	chr16:28608062-28608638	19	0
chr16	28608355	28608356	rs11074908	chr16:28608062-28608638	19	0
chr16	28608937	28608938	rs4149398	chr16:28608913-28609736	14	0
chr16	28609328	28609329	rs62031562	chr16:28608913-28609736	14	0
chr16	28629299	28629300	rs6498089	chr16:28629192-28629572	5	0
chr16	28629363	28629364	rs57076001	chr16:28629192-28629572	5	0
chr16	28823040	28823041	rs71397467	chr16:28823038-28823502	3	0
chr16	28823096	28823097	rs62036613	chr16:28823038-28823502	3	0
chr16	28829116	28829117	rs187668816	chr16:28828906-28829169	1	0
chr16	28831358	28831359	rs4788095	chr16:28831132-28832045	9	0
chr16	28833096	28833097	rs62036620	chr16:28832620-28833256	1	0
chr16	28833229	28833230	rs35290435	chr16:28832620-28833256	1	0
chr16	28834254	28834255	rs11338266	chr16:28833336-28836394	177	0
chr16	28836204	28836205	rs4451951	chr16:28833336-28836394	177	0
chr16	28837514	28837515	rs8049439	chr16:28837384-28837825	3	0
chr16	28843024	28843025	rs55991577	chr16:28842739-28843502	1	0
chr16	28843117	28843118	rs56358680	chr16:28842739-28843502	1	0
chr16	28846839	28846840	rs56404918	chr16:28846049-28848385	4	0
chr16	28846865	28846866	rs55719896	chr16:28846049-28848385	4	0
chr16	28847148	28847149	rs55830740	chr16:28846049-28848385	4	0
chr16	28847245	28847246	rs12928404	chr16:28846049-28848385	4	0
chr16	28850370	28850371	rs62036658	chr16:28850329-28850684	5	0
chr16	28851377	28851378	rs373591717	chr16:28850736-28851687	2	0
chr16	28853995	28853996	rs3088215	chr16:28853984-28854499	2	0
chr16	28855521	28855522	rs61737565	chr16:28855010-28855620	2	0
chr16	28857644	28857645	rs7187776	chr16:28856290-28858505	101	0
chr16	28874546	28874547	rs62037367	chr16:28873815-28876640	96	0
chr16	28875121	28875122	rs7198606	chr16:28873815-28876640	96	0
chr16	28875203	28875204	rs11864750	chr16:28873815-28876640	96	0
chr16	28875481	28875482	rs7193733	chr16:28873815-28876640	96	0
chr16	28885930	28885931	rs11864107	chr16:28885904-28886140	1	0
chr16	28889697	28889698	rs112783914	chr16:28889552-28889792	1	0
chr16	28891464	28891465	rs8055138	chr16:28890698-28892680	44	0
chr16	28913786	28913787	rs7189927	chr16:28913717-28914677	2	0
chr16	28915216	28915217	rs8046545	chr16:28914800-28915399	1	0
chr16	50634661	50634662	rs146669325	chr16:50634415-50634881	6	0
chr16	75249312	75249313	rs59409959	chr16:75249285-75249565	1	0
chr16	75249551	75249552	rs184458383	chr16:75249285-75249565	1	0
chr16	75251551	75251552	rs35728097	chr16:75251508-75251768	1	0
chr16	75251658	75251659	rs8052763	chr16:75251508-75251768	1	0
chr16	75252102	75252103	rs8053595	chr16:75251994-75252696	16	0
chr16	75252160	75252161	rs8054218	chr16:75251994-75252696	16	0
chr16	75252326	75252327	rs8056814	chr16:75251994-75252696	16	0
chr16	75258616	75258617	rs2287990	chr16:75258568-75259570	4	0
chr16	75259217	75259218	rs13331385	chr16:75258568-75259570	4	0
chr16	75260328	75260329	rs28690217	chr16:75259934-75262222	10	0
chr16	75272366	75272367	rs13337017	chr16:75272049-75273299	20	0
chr16	75273828	75273829	rs72802391	chr16:75273572-75274205	1	0
chr16	75277779	75277780	rs3826110	chr16:75277500-75279955	63	0
chr16	75280377	75280378	rs28439846	chr16:75280186-75281494	2	0
chr16	75280957	75280958	rs3743614	chr16:75280186-75281494	2	0
chr16	75281234	75281235	rs28595463	chr16:75280186-75281494	2	0
chr16	75283064	75283065	rs60879082	chr16:75282595-75286132	60	0
chr16	75295020	75295021	rs8046145	chr16:75294928-75295465	3	0
chr16	75297672	75297673	rs8063014	chr16:75297421-75298445	5	0
chr16	75299966	75299967	rs73605136	chr16:75298451-75300401	35	0
chr16	75300037	75300038	rs73605139	chr16:75298451-75300401	35	0
chr16	75300247	75300248	rs7185352	chr16:75298451-75300401	35	0
chr16	75301973	75301974	rs72804106	chr16:75301598-75302453	22	0
chr17	37910367	37910368	rs2941522	chr17:37909717-37912846	136	0
chr17	37912376	37912377	rs12946510	chr17:37909717-37912846	136	0
chr17	37921741	37921742	rs907091	chr17:37921240-37921790	2	0
chr17	37922258	37922259	rs907092	chr17:37922254-37922510	1	0
chr17	37929815	37929816	rs2313430	chr17:37929726-37930096	1	0
chr17	38020058	38020059	rs10582618	chr17:38019805-38022137	88	0
chr17	38020418	38020419	rs1453559	chr17:38019805-38022137	88	0
chr17	38023744	38023745	rs4795397	chr17:38023166-38024702	58	0
chr17	38024625	38024626	rs11557466	chr17:38023166-38024702	58	0
chr17	38029119	38029120	rs12936231	chr17:38028919-38029372	8	0
chr17	38071855	38071856	rs35389566	chr17:38071414-38072355	12	0
chr17	38072172	38072173	rs1031458	chr17:38071414-38072355	12	0
chr17	38072246	38072247	rs1031460	chr17:38071414-38072355	12	0
chr17	38072726	38072727	rs2872516	chr17:38072683-38073093	9	0
chr17	38074517	38074518	rs7219923	chr17:38074063-38074699	1	0
chr17	38075009	38075010	rs34689962	chr17:38074768-38075078	1	0
chr17	38075425	38075426	rs7224129	chr17:38075272-38076020	6	0
chr17	38080864	38080865	rs4065275	chr17:38080060-38081223	30	0
chr17	38080911	38080912	rs8076131	chr17:38080060-38081223	30	0
chr17	38082806	38082807	rs12603332	chr17:38082294-38084542	102	0
chr17	38754799	38754800	rs9889953	chr17:38753938-38756155	81	0
chr17	38755020	38755021	rs9893132	chr17:38753938-38756155	81	0
chr17	38755664	38755665	rs11656173	chr17:38753938-38756155	81	0
chr17	38756968	38756969	rs7216890	chr17:38756912-38757188	1	0
chr17	38757788	38757789	rs1358175	chr17:38757777-38758282	18	0
chr17	38758260	38758261	rs11651694	chr17:38757777-38758282	18	0
chr17	38771747	38771748	rs35024166	chr17:38770751-38772250	59	0
chr17	38775149	38775150	rs757411	chr17:38775043-38775802	11	0
chr17	38775475	38775476	rs9911533	chr17:38775043-38775802	11	0
chr17	38781177	38781178	rs1013971	chr17:38780867-38781263	2	0
chr17	38782176	38782177	rs34465751	chr17:38781953-38782249	2	0
chr17	38786450	38786451	rs4890092	chr17:38786185-38786465	1	0
chr17	38797201	38797202	rs1048573	chr17:38797040-38797280	1	0
chr17	38797241	38797242	rs1048572	chr17:38797040-38797280	1	0
chr17	38804560	38804561	rs3752026	chr17:38803412-38805306	50	0
chr17	38807956	38807957	rs7219483	chr17:38807953-38808177	1	0
chr17	38808248	38808249	rs2014704	chr17:38808195-38808783	5	0
chr17	38819497	38819498	rs917595	chr17:38819436-38819966	1	0
chr17	38861756	38861757	rs2462963	chr17:38861455-38862127	2	0
chr17	38871048	38871049	rs2462970	chr17:38870707-38871131	3	0
chr18	12779017	12779018	rs2542149	chr18:12778914-12779224	2	0
chr18	67532291	67532292	rs1788105	chr18:67531952-67532808	10	0
chr18	67532545	67532546	rs4891376	chr18:67531952-67532808	10	0
chr18	67546089	67546090	rs11151544	chr18:67545810-67546140	1	0
chr19	10477066	10477067	rs34725611	chr19:10476870-10477370	2	0
chr19	10586018	10586019	rs34143578	chr19:10585652-10586507	10	0
chr19	47176751	47176752	rs874460	chr19:47176229-47176860	1	0
chr19	47208480	47208481	rs425105	chr19:47207344-47208570	16	0
chr19	47214410	47214411	rs432157	chr19:47214049-47214684	4	0
chr19	47219121	47219122	rs402072	chr19:47216936-47219239	47	0
chr19	47221556	47221557	rs313839	chr19:47219964-47223278	76	0
chr19	47223948	47223949	rs313841	chr19:47223747-47224215	1	0
chr19	47234884	47234885	rs160544	chr19:47233949-47235252	39	0
chr19	47276453	47276454	rs4804000	chr19:47275952-47276693	1	0
chr19	49211968	49211969	rs676388	chr19:49211600-49212084	3	0
chr19	49218059	49218060	rs35866622	chr19:49216712-49218218	56	0
chr19	49218110	49218111	rs33988101	chr19:49216712-49218218	56	0
chr19	49218429	49218430	rs12978750	chr19:49218231-49219004	7	0
chr19	49218436	49218437	rs12978752	chr19:49218231-49219004	7	0
chr19	49218601	49218602	rs12979278	chr19:49218231-49219004	7	0
chr19	49220322	49220323	rs11672900	chr19:49219787-49220647	7	0
chr19	49228271	49228272	rs2287921	chr19:49228041-49229116	23	0
chr19	49232225	49232226	rs2287922	chr19:49231974-49233025	24	0
chr19	49248729	49248730	rs838145	chr19:49248393-49249008	18	0
chr2	25207949	25207950	rs12618252	chr2:25207752-25208085	2	0
chr2	25270432	25270433	rs6720580	chr2:25270162-25270438	1	0
chr2	25301754	25301755	rs478222	chr2:25301135-25302151	29	0
chr2	25303771	25303772	rs493090	chr2:25303626-25303882	1	0
chr2	25321768	25321769	rs148331720	chr2:25321580-25322234	12	0
chr2	25335088	25335089	rs497567	chr2:25335080-25335314	1	0
chr2	111601941	111601942	rs10180446	chr2:111601690-111602166	3	0
chr2	111604641	111604642	rs13019266	chr2:111604121-111605029	20	0
chr2	111613735	111613736	rs12711785	chr2:111613494-111613750	1	0
chr2	111615924	111615925	rs1533300	chr2:111615715-111616471	14	0
chr2	111616303	111616304	rs1533298	chr2:111615715-111616471	14	0
chr2	111639438	111639439	rs4848317	chr2:111639350-111640010	14	0
chr2	163154362	163154363	rs13023380	chr2:163154339-163155061	6	0
chr2	174454009	174454010	rs530673	chr2:174453546-174454087	10	0
chr2	174457946	174457947	rs57579980	chr2:174457684-174458394	2	0
chr2	174458108	174458109	rs60005612	chr2:174457684-174458394	2	0
chr2	204691537	204691538	rs6745050	chr2:204691472-204691792	2	0
chr2	204738918	204738919	rs3087243	chr2:204738400-204739214	5	0
chr2	204783581	204783582	rs7596727	chr2:204783494-204783839	3	0
chr2	234143047	234143048	rs34701569	chr2:234142890-234143260	2	0
chr2	234145617	234145618	rs28454240	chr2:234145554-234145794	1	0
chr2	234145943	234145944	rs13418066	chr2:234145833-234146217	3	0
chr2	234145970	234145971	rs13412102	chr2:234145833-234146217	3	0
chr2	234146046	234146047	rs12692250	chr2:234145833-234146217	3	0
chr2	234146549	234146550	rs10187752	chr2:234146493-234146813	1	0
chr2	234149701	234149702	rs10929322	chr2:234149551-234149921	3	0
chr2	234153847	234153848	rs10167613	chr2:234153581-234153886	1	0
chr2	234154014	234154015	rs147672941	chr2:234153907-234154465	2	0
chr2	234154138	234154139	rs2880080	chr2:234153907-234154465	2	0
chr2	234156535	234156536	rs11679791	chr2:234156209-234156891	19	0
chr2	234157687	234157688	rs56049444	chr2:234157687-234158003	2	0
chr2	234157732	234157733	rs55835501	chr2:234157687-234158003	2	0
chr2	234157740	234157741	rs56227616	chr2:234157687-234158003	2	0
chr2	234160344	234160345	rs2289477	chr2:234159049-234161245	97	0
chr2	234160668	234160669	rs10199278	chr2:234159049-234161245	97	0
chr2	234161210	234161211	rs12692254	chr2:234159049-234161245	97	0
chr2	234161447	234161448	rs6752107	chr2:234161424-234162601	16	0
chr2	234161582	234161583	rs6738490	chr2:234161424-234162601	16	0
chr2	234161768	234161769	rs6431654	chr2:234161424-234162601	16	0
chr2	234162152	234162153	rs6745825	chr2:234161424-234162601	16	0
chr2	234166321	234166322	rs11685932	chr2:234166173-234166397	1	0
chr2	234170323	234170324	rs140643155	chr2:234170320-234171300	7	0
chr2	234170325	234170326	rs55926010	chr2:234170320-234171300	7	0
chr2	234170368	234170369	rs13391356	chr2:234170320-234171300	7	0
chr2	234170396	234170397	rs6737398	chr2:234170320-234171300	7	0
chr2	234176608	234176609	rs3792112	chr2:234176470-234177041	10	0
chr2	234178452	234178453	rs12994971	chr2:234178128-234178484	1	0
chr2	234179689	234179690	rs3792111	chr2:234179567-234179940	4	0
chr20	1612278	1612279	rs2147336	chr20:1612255-1613357	19	0
chr20	1612281	1612282	rs2147337	chr20:1612255-1613357	19	0
chr20	1612818	1612819	rs1535883	chr20:1612255-1613357	19	0
chr20	1614287	1614288	rs2318044	chr20:1614152-1614582	5	0
chr21	43820572	43820573	rs28700238	chr21:43820567-43821087	10	0
chr21	43820887	43820888	rs74278191	chr21:43820567-43821087	10	0
chr21	43821530	43821531	rs141083567	chr21:43821210-43821619	6	0
chr21	43821646	43821647	rs56722471	chr21:43821642-43822352	2	0
chr21	43821907	43821908	rs147637345	chr21:43821642-43822352	2	0
chr21	43822199	43822200	rs11909930	chr21:43821642-43822352	2	0
chr21	43822575	43822576	rs11910048	chr21:43822545-43822821	1	0
chr21	43822710	43822711	rs9976888	chr21:43822545-43822821	1	0
chr21	43823288	43823289	rs9325635	chr21:43822897-43823378	16	0
chr21	43823735	43823736	rs9784215	chr21:43823664-43824541	36	0
chr21	43823909	43823910	rs2277797	chr21:43823664-43824541	36	0
chr21	43824122	43824123	rs2277799	chr21:43823664-43824541	36	0
chr21	43824528	43824529	rs2156309	chr21:43823664-43824541	36	0
chr21	43826343	43826344	rs3746923	chr21:43826139-43826736	2	0
chr21	43826390	43826391	rs3746924	chr21:43826139-43826736	2	0
chr21	43828266	43828267	rs28371062	chr21:43828162-43828441	1	0
chr21	43832917	43832918	rs3761378	chr21:43832658-43833055	2	0
chr21	43834853	43834854	rs34544259	chr21:43834468-43836096	55	0
chr21	43835086	43835087	rs35269816	chr21:43834468-43836096	55	0
chr21	43835089	43835090	rs35940194	chr21:43834468-43836096	55	0
chr21	43835826	43835827	rs7278547	chr21:43834468-43836096	55	0
chr21	43836009	43836010	rs80054410	chr21:43834468-43836096	55	0
chr21	43836082	43836083	rs9976479	chr21:43834468-43836096	55	0
chr21	43838053	43838054	rs9974339	chr21:43837292-43838139	14	0
chr21	43841327	43841328	rs3788013	chr21:43841326-43841590	1	0
chr21	43844839	43844840	rs883869	chr21:43844742-43846389	25	0
chr21	43845091	43845092	rs883868	chr21:43844742-43846389	25	0
chr21	43845293	43845294	rs2839508	chr21:43844742-43846389	25	0
chr21	43846728	43846729	rs2839509	chr21:43846517-43846913	3	0
chr22	30128239	30128240	rs140100	chr22:30128213-30128572	3	0
chr22	30128379	30128380	rs140101	chr22:30128213-30128572	3	0
chr22	30206290	30206291	rs36576	chr22:30206184-30206519	2	0
chr22	30210355	30210356	rs2074707	chr22:30209154-30210381	18	0
chr22	30212193	30212194	rs713656	chr22:30212028-30212562	2	0
chr22	30212365	30212366	rs5763512	chr22:30212028-30212562	2	0
chr22	30212985	30212986	rs17711377	chr22:30212801-30213077	1	0
chr22	30217826	30217827	rs2057882	chr22:30217090-30218070	63	0
chr22	30234044	30234045	rs2301402	chr22:30233573-30234818	55	0
chr22	30238073	30238074	rs1894474	chr22:30238003-30238359	1	0
chr22	30238316	30238317	rs1076135	chr22:30238003-30238359	1	0
chr22	30267986	30267987	rs35799930	chr22:30267570-30268478	6	0
chr22	30348398	30348399	rs6006310	chr22:30347877-30348629	21	0
chr22	30352031	30352032	rs5763638	chr22:30351925-30352281	2	0
chr22	30362718	30362719	rs2412959	chr22:30362481-30362911	1	0
chr22	30388600	30388601	rs2007446	chr22:30388525-30389041	1	0
chr22	30388705	30388706	rs2007458	chr22:30388525-30389041	1	0
chr22	30399416	30399417	rs737911	chr22:30399101-30399434	2	0
chr22	30405982	30405983	rs41158	chr22:30405466-30406131	2	0
chr22	30460433	30460434	rs5763751	chr22:30460104-30460942	2	0
chr22	30504651	30504652	rs5763779	chr22:30504453-30505119	7	0
chr22	30594803	30594804	rs5879807	chr22:30591201-30594870	84	0
chr22	37583732	37583733	rs34279746	chr22:37583722-37585666	33	0
chr22	37589868	37589869	rs229536	chr22:37588181-37590496	27	0
chr22	37592105	37592106	rs229542	chr22:37591894-37592430	1	0
chr22	37593079	37593080	rs229544	chr22:37592745-37596325	143	0
chr3	49389841	49389842	rs17080528	chr3:49389831-49390295	1	0
chr3	49394833	49394834	rs1050450	chr3:49394810-49396690	70	0
chr3	49395756	49395757	rs1800668	chr3:49394810-49396690	70	0
chr3	49396359	49396360	rs3811699	chr3:49394810-49396690	70	0
chr3	49399258	49399259	rs1987628	chr3:49398646-49399461	14	0
chr3	49423273	49423274	rs35169793	chr3:49423103-49423392	2	0
chr3	49425197	49425198	rs11303234	chr3:49425112-49425512	1	0
chr3	49453833	49453834	rs6997	chr3:49452982-49454239	19	0
chr3	49454111	49454112	rs9814873	chr3:49452982-49454239	19	0
chr3	49455329	49455330	rs11715915	chr3:49454562-49455425	1	0
chr3	49456102	49456103	rs10708510	chr3:49456047-49456577	7	0
chr3	49475154	49475155	rs35115732	chr3:49475050-49475354	1	0
chr3	49500025	49500026	rs34137445	chr3:49498772-49500072	25	0
chr3	49513909	49513910	rs12330269	chr3:49513846-49514530	25	0
chr3	49522542	49522543	rs7630869	chr3:49522523-49523067	3	0
chr3	49538931	49538932	rs6766131	chr3:49537953-49539114	43	0
chr3	49572139	49572140	rs4625	chr3:49572127-49572404	1	0
chr3	49574807	49574808	rs13079082	chr3:49574745-49574969	1	0
chr3	49577046	49577047	rs138171134	chr3:49576859-49578444	44	0
chr3	49590769	49590770	rs3811697	chr3:49590599-49592566	35	0
chr3	49674457	49674458	rs9862080	chr3:49674324-49674568	1	0
chr3	49710478	49710479	rs13093385	chr3:49710428-49712535	75	0
chr3	49710514	49710515	rs139082274	chr3:49710428-49712535	75	0
chr3	49712296	49712297	rs11130213	chr3:49710428-49712535	75	0
chr3	49714224	49714225	rs1131095	chr3:49714020-49714524	1	0
chr3	49719728	49719729	rs9822268	chr3:49719364-49721064	2	0
chr4	26085479	26085480	rs34185821	chr4:26085351-26086458	31	0
chr4	26085510	26085511	rs10517086	chr4:26085351-26086458	31	0
chr4	26088127	26088128	rs16878091	chr4:26088074-26088881	5	0
chr4	26090374	26090375	rs7441808	chr4:26089818-26090790	21	0
chr4	26095313	26095314	rs35944082	chr4:26095139-26095464	2	0
chr4	26108196	26108197	rs874040	chr4:26107439-26108340	11	0
chr4	26126837	26126838	rs7673206	chr4:26126658-26126969	4	0
chr4	26128147	26128148	rs35844597	chr4:26127722-26128368	9	0
chr4	26128709	26128710	rs35858516	chr4:26128679-26129049	1	0
chr4	122358445	122358446	rs71629502	chr4:122358371-122359081	1	0
chr4	123116861	123116862	rs55969942	chr4:123116857-123117257	2	0
chr4	123116994	123116995	rs55904957	chr4:123116857-123117257	2	0
chr4	123134053	123134054	rs201362398	chr4:123134004-123134360	1	0
chr4	123286226	123286227	rs11727369	chr4:123286143-123286571	8	0
chr5	35811281	35811282	rs4869672	chr5:35810646-35811579	7	0
chr5	35833267	35833268	rs11953434	chr5:35833055-35833333	1	0
chr5	35883756	35883757	rs2194226	chr5:35883303-35883813	1	0
chr5	35883803	35883804	rs2194225	chr5:35883303-35883813	1	0
chr5	35884204	35884205	rs72350381	chr5:35884169-35884981	20	0
chr5	35926340	35926341	rs11948151	chr5:35926318-35926968	8	0
chr5	35926576	35926577	rs150935798	chr5:35926318-35926968	8	0
chr5	40486895	40486896	rs7720838	chr5:40486330-40487403	45	0
chr5	40487269	40487270	rs7725052	chr5:40486330-40487403	45	0
chr5	40490608	40490609	rs9283753	chr5:40490455-40491452	20	0
chr5	40490789	40490790	rs10440635	chr5:40490455-40491452	20	0
chr5	40522211	40522212	rs10941516	chr5:40522116-40522446	2	0
chr5	55444682	55444683	rs7731626	chr5:55444150-55444978	26	0
chr5	131590386	131590387	rs17516457	chr5:131590102-131590871	8	0
chr5	131607299	131607300	rs55722650	chr5:131606775-131607350	4	0
chr5	131630851	131630852	rs35260072	chr5:131628732-131631783	124	0
chr5	131705457	131705458	rs2631367	chr5:131704878-131706400	36	0
chr5	131707428	131707429	rs2631360	chr5:131706513-131707683	10	0
chr5	131725328	131725329	rs11748193	chr5:131725141-131725994	39	0
chr5	131727032	131727033	rs11746555	chr5:131726743-131727593	2	0
chr5	131770804	131770805	rs2188962	chr5:131770591-131771151	5	0
chr5	131786451	131786452	rs11271589	chr5:131786124-131786812	4	0
chr5	131786594	131786595	rs11951091	chr5:131786124-131786812	4	0
chr5	131793285	131793286	rs4705950	chr5:131792847-131793648	13	0
chr5	131796162	131796163	rs72797303	chr5:131795665-131796333	10	0
chr5	131796808	131796809	rs2706396	chr5:131796563-131796823	1	0
chr5	131799960	131799961	rs2706336	chr5:131799479-131800605	16	0
chr5	131801946	131801947	rs2522057	chr5:131801830-131803093	48	0
chr5	131820996	131820997	rs17622656	chr5:131820876-131825278	19	0
chr5	131826321	131826322	rs10900809	chr5:131825291-131828159	80	0
chr5	131826412	131826413	rs11242115	chr5:131825291-131828159	80	0
chr5	131833598	131833599	rs736801	chr5:131831113-131834263	129	0
chr5	158839511	158839512	rs1422877	chr5:158839250-158839845	14	0
chr5	158839744	158839745	rs12651787	chr5:158839250-158839845	14	0
chr5	158846605	158846606	rs72802188	chr5:158846565-158847088	4	0
chr5	158849635	158849636	rs10155584	chr5:158849395-158849666	1	0
chr5	158852943	158852944	rs7714401	chr5:158852676-158852992	1	0
chr5	158853940	158853941	rs2012830	chr5:158853883-158853946	1	0
chr5	158856505	158856506	rs4921501	chr5:158856501-158856817	1	0
chr5	158856512	158856513	rs4921228	chr5:158856501-158856817	1	0
chr6	30075612	30075613	rs2023473	chr6:30075222-30075758	2	0
chr6	30078274	30078275	rs2523989	chr6:30078060-30078376	1	0
chr6	30078329	30078330	rs2239529	chr6:30078060-30078376	1	0
chr6	30080495	30080496	rs2844793	chr6:30080418-30081409	14	0
chr6	30080955	30080956	rs2844792	chr6:30080418-30081409	14	0
chr6	30081188	30081189	rs2517597	chr6:30080418-30081409	14	0
chr6	30081245	30081246	rs2523986	chr6:30080418-30081409	14	0
chr6	30081333	30081334	rs2523985	chr6:30080418-30081409	14	0
chr6	30084445	30084446	rs1034326	chr6:30084338-30085163	3	0
chr6	30084504	30084505	rs2523977	chr6:30084338-30085163	3	0
chr6	30084548	30084549	rs2517595	chr6:30084338-30085163	3	0
chr6	30084695	30084696	rs2523976	chr6:30084338-30085163	3	0
chr6	30112794	30112795	rs2844789	chr6:30112619-30112899	1	0
chr6	30122656	30122657	rs2523735	chr6:30122418-30123131	15	0
chr6	30128948	30128949	rs2157678	chr6:30128691-30129469	3	0
chr6	30296252	30296253	rs3094064	chr6:30295975-30296653	4	0
chr6	30323392	30323393	rs3130377	chr6:30323348-30323598	1	0
chr6	30340527	30340528	rs3129815	chr6:30340267-30341057	3	0
chr6	30363084	30363085	rs3094036	chr6:30362457-30363247	1	0
chr6	30365447	30365448	rs3130116	chr6:30365438-30365864	2	0
chr6	30409248	30409249	rs3132645	chr6:30409121-30409262	1	0
chr6	30432176	30432177	rs3130141	chr6:30431298-30432358	4	0
chr6	30495859	30495860	rs3094024	chr6:30495514-30496427	44	0
chr6	30515042	30515043	rs3130247	chr6:30514634-30515058	1	0
chr6	30566406	30566407	rs3095276	chr6:30565908-30567756	3	0
chr6	30618905	30618906	rs9262135	chr6:30618674-30619098	1	0
chr6	30644136	30644137	rs9262141	chr6:30643345-30644145	1	0
chr6	30650025	30650026	rs9262142	chr6:30649623-30651544	86	0
chr6	30652780	30652781	rs9262143	chr6:30651666-30656251	136	0
chr6	30656827	30656828	rs9262146	chr6:30656276-30656937	3	0
chr6	30688574	30688575	rs3132583	chr6:30687023-30695351	248	0
chr6	30689000	30689001	rs3132582	chr6:30687023-30695351	248	0
chr6	30694863	30694864	rs141552689	chr6:30687023-30695351	248	0
chr6	30699021	30699022	rs3095327	chr6:30698312-30699111	35	0
chr6	30706360	30706361	rs3130660	chr6:30706318-30706734	1	0
chr6	30708694	30708695	rs3130661	chr6:30707346-30712871	199	0
chr6	30708954	30708955	rs1059612	chr6:30707346-30712871	199	0
chr6	30709356	30709357	rs3094125	chr6:30707346-30712871	199	0
chr6	30717257	30717258	rs3129972	chr6:30715079-30717924	59	0
chr6	30731400	30731401	rs3095338	chr6:30731221-30732492	59	0
chr6	30737675	30737676	rs145665108	chr6:30736094-30737975	91	0
chr6	30745799	30745800	rs3129977	chr6:30745665-30746432	6	0
chr6	30746330	30746331	rs3129978	chr6:30745665-30746432	6	0
chr6	30746366	30746367	rs3132600	chr6:30745665-30746432	6	0
chr6	30748163	30748164	rs3132599	chr6:30747856-30749071	5	0
chr6	30750924	30750925	rs3095333	chr6:30749166-30751536	111	0
chr6	30758648	30758649	rs142151527	chr6:30758422-30759000	5	0
chr6	30758663	30758664	rs3131044	chr6:30758422-30759000	5	0
chr6	30758847	30758848	rs3131045	chr6:30758422-30759000	5	0
chr6	30758856	30758857	rs3129981	chr6:30758422-30759000	5	0
chr6	30760724	30760725	rs9262200	chr6:30760649-30760893	1	0
chr6	30760782	30760783	rs147381420	chr6:30760649-30760893	1	0
chr6	30761571	30761572	rs3129984	chr6:30761494-30762038	14	0
chr6	30762541	30762542	rs3129985	chr6:30762245-30762555	1	0
chr6	30777497	30777498	rs1264361	chr6:30776955-30777776	4	0
chr6	30780567	30780568	rs2524266	chr6:30779651-30784036	89	0
chr6	30781300	30781301	rs886425	chr6:30779651-30784036	89	0
chr6	30782001	30782002	rs886424	chr6:30779651-30784036	89	0
chr6	30782204	30782205	rs886423	chr6:30779651-30784036	89	0
chr6	30783578	30783579	rs1264357	chr6:30779651-30784036	89	0
chr6	30789646	30789647	rs1264352	chr6:30789571-30790977	43	0
chr6	30796544	30796545	rs1264350	chr6:30795806-30796755	52	0
chr6	30796658	30796659	rs1264349	chr6:30795806-30796755	52	0
chr6	30802464	30802465	rs1264341	chr6:30802412-30802888	1	0
chr6	30803525	30803526	rs1110482	chr6:30803250-30803660	1	0
chr6	30811264	30811265	rs2517578	chr6:30810929-30811525	3	0
chr6	30812995	30812996	rs2535334	chr6:30812880-30813436	13	0
chr6	30813248	30813249	rs2535332	chr6:30812880-30813436	13	0
chr6	30838496	30838497	rs2535340	chr6:30838429-30838705	1	0
chr6	30851908	30851909	rs1264326	chr6:30850217-30854696	121	0
chr6	30851988	30851989	rs1264325	chr6:30850217-30854696	121	0
chr6	30882414	30882415	rs1264304	chr6:30881320-30883881	83	0
chr6	30920123	30920124	rs3132580	chr6:30919578-30920141	7	0
chr6	30977679	30977680	rs1634721	chr6:30977625-30978287	2	0
chr6	30985827	30985828	rs1634726	chr6:30985183-30985878	5	0
chr6	31016549	31016550	rs3130574	chr6:31015799-31016575	8	0
chr6	31051674	31051675	rs3095311	chr6:31051464-31052217	17	0
chr6	31066632	31066633	rs144846110	chr6:31066370-31066661	3	0
chr6	31085355	31085356	rs3130985	chr6:31085208-31085504	1	0
chr6	31094702	31094703	rs3130557	chr6:31094555-31094851	1	0
chr6	31129309	31129310	rs7750641	chr6:31129130-31129711	2	0
chr6	31172150	31172151	rs3132510	chr6:31170036-31172282	84	0
chr6	31364706	31364707	rs2251396	chr6:31364216-31365115	22	0
chr6	31365706	31365707	rs2523457	chr6:31365508-31366200	6	0
chr6	31367864	31367865	rs2523454	chr6:31367215-31368842	82	0
chr6	31369150	31369151	rs2523451	chr6:31369101-31369653	9	0
chr6	31428919	31428920	rs3130477	chr6:31428868-31429084	1	0
chr6	31430693	31430694	rs3094605	chr6:31430097-31435113	51	0
chr6	31430751	31430752	rs3132090	chr6:31430097-31435113	51	0
chr6	31431812	31431813	rs3130907	chr6:31430097-31435113	51	0
chr6	31433692	31433693	rs3128986	chr6:31430097-31435113	51	0
chr6	31434330	31434331	rs3131619	chr6:31430097-31435113	51	0
chr6	31434365	31434366	rs3094013	chr6:31430097-31435113	51	0
chr6	31434519	31434520	rs3094012	chr6:31430097-31435113	51	0
chr6	31434620	31434621	rs3131618	chr6:31430097-31435113	51	0
chr6	31451369	31451370	rs3132470	chr6:31451225-31451525	1	0
chr6	31462134	31462135	rs3130923	chr6:31461429-31463881	70	0
chr6	31465046	31465047	rs3094005	chr6:31464504-31465071	3	0
chr6	31496568	31496569	rs2516482	chr6:31495916-31498050	19	0
chr6	31498245	31498246	rs200294611	chr6:31498098-31504065	5	0
chr6	31501557	31501558	rs1055384	chr6:31498098-31504065	5	0
chr6	31506137	31506138	rs3093975	chr6:31505507-31506415	1	0
chr6	31514246	31514247	rs9267488	chr6:31514136-31516555	154	0
chr6	31543030	31543031	rs1800629	chr6:31542963-31548071	73	0
chr6	31546849	31546850	rs1800628	chr6:31542963-31548071	73	0
chr6	31566167	31566168	rs3130631	chr6:31565899-31566856	34	0
chr6	31596137	31596138	rs3132450	chr6:31595200-31596349	2	0
chr6	31620519	31620520	rs3117582	chr6:31619404-31622261	162	0
chr6	31626012	31626013	rs3132449	chr6:31625162-31626524	11	0
chr6	31671556	31671557	rs9267544	chr6:31669373-31672138	111	0
chr6	31704293	31704294	rs3131383	chr6:31701014-31708575	413	0
chr6	31705863	31705864	rs3101018	chr6:31701014-31708575	413	0
chr6	31708462	31708463	rs3131381	chr6:31701014-31708575	413	0
chr6	31718395	31718396	rs3117573	chr6:31718097-31718705	8	0
chr6	31721032	31721033	rs3131379	chr6:31720523-31721338	4	0
chr6	31733465	31733466	rs3101017	chr6:31733209-31733710	2	0
chr6	31734344	31734345	rs3115671	chr6:31733897-31734544	8	0
chr6	31739119	31739120	rs3130490	chr6:31739081-31739521	4	0
chr6	31745463	31745464	rs3130491	chr6:31744246-31746412	97	0
chr6	31749141	31749142	rs915652	chr6:31746819-31750761	5	0
chr6	31749183	31749184	rs915651	chr6:31746819-31750761	5	0
chr6	31787166	31787167	rs1265947	chr6:31785232-31788170	49	0
chr6	31798134	31798135	rs147487393	chr6:31797170-31800240	40	0
chr6	31799075	31799076	rs3115674	chr6:31797170-31800240	40	0
chr6	31802100	31802101	rs3130476	chr6:31801676-31810377	152	0
chr6	31805912	31805913	rs3130478	chr6:31801676-31810377	152	0
chr6	31807539	31807540	rs3130679	chr6:31801676-31810377	152	0
chr6	31808435	31808436	rs599707	chr6:31801676-31810377	152	0
chr6	31810611	31810612	rs9267574	chr6:31810455-31811336	1	0
chr6	31832037	31832038	rs515688	chr6:31829659-31832125	141	0
chr6	31870325	31870326	rs558702	chr6:31868623-31870574	71	0
chr6	31918859	31918860	rs1270942	chr6:31917554-31919575	3	0
chr6	31940896	31940897	rs389884	chr6:31936830-31941384	159	0
chr6	32014827	32014828	rs433061	chr6:32013400-32015289	38	0
chr6	32029204	32029205	rs1150757	chr6:32028806-32029230	3	0
chr6	32050757	32050758	rs1150754	chr6:32050577-32051587	21	0
chr6	32064725	32064726	rs1150752	chr6:32063505-32065081	6	0
chr6	32096000	32096001	rs3130288	chr6:32095279-32098918	157	0
chr6	32172992	32172993	rs3131296	chr6:32172727-32173027	2	0
chr6	32285361	32285362	rs116667074	chr6:32285355-32285719	1	0
chr6	32361820	32361821	rs3129953	chr6:32361243-32362143	11	0
chr6	32381279	32381280	rs3129966	chr6:32381131-32382001	25	0
chr6	32381853	32381854	rs138592330	chr6:32381131-32382001	25	0
chr6	32383207	32383208	rs6930571	chr6:32383108-32383883	15	0
chr6	32383222	32383223	rs9268530	chr6:32383108-32383883	15	0
chr6	32383245	32383246	rs9268531	chr6:32383108-32383883	15	0
chr6	32383248	32383249	rs9268532	chr6:32383108-32383883	15	0
chr6	32383306	32383307	rs9268534	chr6:32383108-32383883	15	0
chr6	32383340	32383341	rs6908065	chr6:32383108-32383883	15	0
chr6	32383359	32383360	rs6908056	chr6:32383108-32383883	15	0
chr6	32383409	32383410	rs6930933	chr6:32383108-32383883	15	0
chr6	32383440	32383441	rs3135382	chr6:32383108-32383883	15	0
chr6	32383487	32383488	rs2001100	chr6:32383108-32383883	15	0
chr6	32383632	32383633	rs2001099	chr6:32383108-32383883	15	0
chr6	32383836	32383837	rs2001098	chr6:32383108-32383883	15	0
chr6	32383857	32383858	rs2001097	chr6:32383108-32383883	15	0
chr6	32384076	32384077	rs2395159	chr6:32383894-32384369	3	0
chr6	32384342	32384343	rs3135381	chr6:32383894-32384369	3	0
chr6	32392542	32392543	rs2157334	chr6:32392430-32392703	1	0
chr6	32392660	32392661	rs2157332	chr6:32392430-32392703	1	0
chr6	32399091	32399092	rs4348358	chr6:32398960-32399280	2	0
chr6	32399186	32399187	rs4321864	chr6:32398960-32399280	2	0
chr6	32399832	32399833	rs9268605	chr6:32399736-32400360	10	0
chr6	32400069	32400070	rs9268606	chr6:32399736-32400360	10	0
chr6	32401260	32401261	rs9268609	chr6:32401150-32401386	1	0
chr6	32401262	32401263	rs9268610	chr6:32401150-32401386	1	0
chr6	32405696	32405697	rs3020805	chr6:32404844-32405850	27	0
chr6	32407708	32407709	rs14004	chr6:32406896-32414206	71	0
chr6	32408496	32408497	rs3135394	chr6:32406896-32414206	71	0
chr6	32408526	32408527	rs9268645	chr6:32406896-32414206	71	0
chr6	32408841	32408842	rs3135393	chr6:32406896-32414206	71	0
chr6	32409059	32409060	rs6925852	chr6:32406896-32414206	71	0
chr6	32409304	32409305	rs6926374	chr6:32406896-32414206	71	0
chr6	32409655	32409656	rs9268657	chr6:32406896-32414206	71	0
chr6	32409780	32409781	rs6931646	chr6:32406896-32414206	71	0
chr6	32409786	32409787	rs6911419	chr6:32406896-32414206	71	0
chr6	32410209	32410210	rs3129884	chr6:32406896-32414206	71	0
chr6	32410214	32410215	rs3129885	chr6:32406896-32414206	71	0
chr6	32410690	32410691	rs3129887	chr6:32406896-32414206	71	0
chr6	32410715	32410716	rs9268658	chr6:32406896-32414206	71	0
chr6	32411306	32411307	rs2239806	chr6:32406896-32414206	71	0
chr6	32411375	32411376	rs2239805	chr6:32406896-32414206	71	0
chr6	32411522	32411523	rs2239804	chr6:32406896-32414206	71	0
chr6	32411832	32411833	rs2239803	chr6:32406896-32414206	71	0
chr6	32411994	32411995	rs140024366	chr6:32406896-32414206	71	0
chr6	32412565	32412566	rs1131541	chr6:32406896-32414206	71	0
chr6	32412591	32412592	rs1051336	chr6:32406896-32414206	71	0
chr6	32412808	32412809	rs1041885	chr6:32406896-32414206	71	0
chr6	32426539	32426540	rs9268828	chr6:32426324-32426771	2	0
chr6	32426601	32426602	rs9268829	chr6:32426324-32426771	2	0
chr6	32440794	32440795	rs9269075	chr6:32440366-32441880	18	0
chr6	32572179	32572180	rs9270910	chr6:32571709-32572853	17	0
chr6	32572201	32572202	rs9270911	chr6:32571709-32572853	17	0
chr6	32577632	32577633	rs535777	chr6:32577105-32578353	55	0
chr6	32595277	32595278	rs9271860	chr6:32594822-32595343	2	0
chr6	32601884	32601885	rs9272202	chr6:32601778-32602442	6	0
chr6	32601976	32601977	rs9272209	chr6:32601778-32602442	6	0
chr6	32602016	32602017	rs9272210	chr6:32601778-32602442	6	0
chr6	32602022	32602023	rs151051719	chr6:32601778-32602442	6	0
chr6	32602028	32602029	rs9272211	chr6:32601778-32602442	6	0
chr6	32602030	32602031	rs1690407	chr6:32601778-32602442	6	0
chr6	32603486	32603487	rs3104367	chr6:32603113-32603829	5	0
chr6	32603712	32603713	rs9272290	chr6:32603113-32603829	5	0
chr6	32604371	32604372	rs9272346	chr6:32604276-32604675	2	0
chr6	32604409	32604410	rs9272350	chr6:32604276-32604675	2	0
chr6	32604514	32604515	rs9272355	chr6:32604276-32604675	2	0
chr6	32604521	32604522	rs9272357	chr6:32604276-32604675	2	0
chr6	32604775	32604776	rs9272387	chr6:32604729-32611082	35	0
chr6	32604792	32604793	rs9272389	chr6:32604729-32611082	35	0
chr6	32604825	32604826	rs9272393	chr6:32604729-32611082	35	0
chr6	32604979	32604980	rs9272411	chr6:32604729-32611082	35	0
chr6	32605027	32605028	rs2882972	chr6:32604729-32611082	35	0
chr6	32605042	32605043	rs9272416	chr6:32604729-32611082	35	0
chr6	32605206	32605207	rs3187964	chr6:32604729-32611082	35	0
chr6	32605256	32605257	rs1047989	chr6:32604729-32611082	35	0
chr6	32605273	32605274	rs1130034	chr6:32604729-32611082	35	0
chr6	32605379	32605380	rs9272441	chr6:32604729-32611082	35	0
chr6	32605399	32605400	rs9272442	chr6:32604729-32611082	35	0
chr6	32605436	32605437	rs7751376	chr6:32604729-32611082	35	0
chr6	32605524	32605525	rs9272454	chr6:32604729-32611082	35	0
chr6	32605704	32605705	rs9272467	chr6:32604729-32611082	35	0
chr6	32605707	32605708	rs9272468	chr6:32604729-32611082	35	0
chr6	32605737	32605738	rs9272473	chr6:32604729-32611082	35	0
chr6	32605753	32605754	rs9272474	chr6:32604729-32611082	35	0
chr6	32605883	32605884	rs2187668	chr6:32604729-32611082	35	0
chr6	32605919	32605920	rs9272482	chr6:32604729-32611082	35	0
chr6	32605942	32605943	rs9272484	chr6:32604729-32611082	35	0
chr6	32606004	32606005	rs9272488	chr6:32604729-32611082	35	0
chr6	32606045	32606046	rs9272491	chr6:32604729-32611082	35	0
chr6	32606084	32606085	rs9272494	chr6:32604729-32611082	35	0
chr6	32606175	32606176	rs9272497	chr6:32604729-32611082	35	0
chr6	32606243	32606244	rs9272502	chr6:32604729-32611082	35	0
chr6	32606323	32606324	rs9272507	chr6:32604729-32611082	35	0
chr6	32606324	32606325	rs9272508	chr6:32604729-32611082	35	0
chr6	32606356	32606357	rs9272509	chr6:32604729-32611082	35	0
chr6	32606379	32606380	rs9272513	chr6:32604729-32611082	35	0
chr6	32606474	32606475	rs9272520	chr6:32604729-32611082	35	0
chr6	32606616	32606617	rs9272528	chr6:32604729-32611082	35	0
chr6	32606808	32606809	rs9272538	chr6:32604729-32611082	35	0
chr6	32606833	32606834	rs9272540	chr6:32604729-32611082	35	0
chr6	32607007	32607008	rs9272553	chr6:32604729-32611082	35	0
chr6	32607036	32607037	rs371723244	chr6:32604729-32611082	35	0
chr6	32607041	32607042	rs9272555	chr6:32604729-32611082	35	0
chr6	32607045	32607046	rs9272556	chr6:32604729-32611082	35	0
chr6	32607280	32607281	rs9272574	chr6:32604729-32611082	35	0
chr6	32607388	32607389	rs9272578	chr6:32604729-32611082	35	0
chr6	32607395	32607396	rs2284189	chr6:32604729-32611082	35	0
chr6	32607637	32607638	rs9272599	chr6:32604729-32611082	35	0
chr6	32607734	32607735	rs9272607	chr6:32604729-32611082	35	0
chr6	32607749	32607750	rs9272609	chr6:32604729-32611082	35	0
chr6	32607779	32607780	rs9272611	chr6:32604729-32611082	35	0
chr6	32607828	32607829	rs9272613	chr6:32604729-32611082	35	0
chr6	32607858	32607859	rs9272614	chr6:32604729-32611082	35	0
chr6	32607926	32607927	rs9272618	chr6:32604729-32611082	35	0
chr6	32608013	32608014	rs9272625	chr6:32604729-32611082	35	0
chr6	32608092	32608093	rs9272628	chr6:32604729-32611082	35	0
chr6	32608095	32608096	rs9272629	chr6:32604729-32611082	35	0
chr6	32608183	32608184	rs9272634	chr6:32604729-32611082	35	0
chr6	32608212	32608213	rs9272637	chr6:32604729-32611082	35	0
chr6	32608302	32608303	rs9272642	chr6:32604729-32611082	35	0
chr6	32608303	32608304	rs9272643	chr6:32604729-32611082	35	0
chr6	32608330	32608331	rs9272645	chr6:32604729-32611082	35	0
chr6	32608507	32608508	rs9272647	chr6:32604729-32611082	35	0
chr6	32608628	32608629	rs9272656	chr6:32604729-32611082	35	0
chr6	32608679	32608680	rs9272661	chr6:32604729-32611082	35	0
chr6	32608709	32608710	rs9272664	chr6:32604729-32611082	35	0
chr6	32608819	32608820	rs9272670	chr6:32604729-32611082	35	0
chr6	32609104	32609105	rs1129740	chr6:32604729-32611082	35	0
chr6	32609125	32609126	rs1071630	chr6:32604729-32611082	35	0
chr6	32609512	32609513	rs9272725	chr6:32604729-32611082	35	0
chr6	32609513	32609514	rs34719927	chr6:32604729-32611082	35	0
chr6	32609593	32609594	rs9272729	chr6:32604729-32611082	35	0
chr6	32610046	32610047	rs9272756	chr6:32604729-32611082	35	0
chr6	32610058	32610059	rs34843907	chr6:32604729-32611082	35	0
chr6	32610108	32610109	rs34826728	chr6:32604729-32611082	35	0
chr6	32610269	32610270	rs9272776	chr6:32604729-32611082	35	0
chr6	32610573	32610574	rs9272798	chr6:32604729-32611082	35	0
chr6	32610575	32610576	rs9272799	chr6:32604729-32611082	35	0
chr6	32610580	32610581	rs9272800	chr6:32604729-32611082	35	0
chr6	32610583	32610584	rs9272801	chr6:32604729-32611082	35	0
chr6	32611648	32611649	rs9273013	chr6:32611414-32612529	3	0
chr6	32611722	32611723	rs9273020	chr6:32611414-32612529	3	0
chr6	32611724	32611725	rs9273021	chr6:32611414-32612529	3	0
chr6	32611872	32611873	rs9273033	chr6:32611414-32612529	3	0
chr6	32611873	32611874	rs9273034	chr6:32611414-32612529	3	0
chr6	32611930	32611931	rs9273038	chr6:32611414-32612529	3	0
chr6	32611967	32611968	rs9273043	chr6:32611414-32612529	3	0
chr6	32612002	32612003	rs9273046	chr6:32611414-32612529	3	0
chr6	32612049	32612050	rs9273053	chr6:32611414-32612529	3	0
chr6	32612204	32612205	rs9273065	chr6:32611414-32612529	3	0
chr6	32612395	32612396	rs9273084	chr6:32611414-32612529	3	0
chr6	32612409	32612410	rs9273086	chr6:32611414-32612529	3	0
chr6	32612978	32612979	rs9273146	chr6:32612616-32613585	2	0
chr6	32612980	32612981	rs9273147	chr6:32612616-32613585	2	0
chr6	32613223	32613224	rs9273172	chr6:32612616-32613585	2	0
chr6	32615365	32615366	rs17612555	chr6:32613948-32615621	4	0
chr6	32615399	32615400	rs17843573	chr6:32613948-32615621	4	0
chr6	32615469	32615470	rs17612583	chr6:32613948-32615621	4	0
chr6	32615509	32615510	rs17843577	chr6:32613948-32615621	4	0
chr6	32615519	32615520	rs17843578	chr6:32613948-32615621	4	0
chr6	32615550	32615551	rs17843580	chr6:32613948-32615621	4	0
chr6	32620571	32620572	rs17612852	chr6:32620488-32621052	1	0
chr6	32620621	32620622	rs17612858	chr6:32620488-32621052	1	0
chr6	32623218	32623219	rs9273326	chr6:32623026-32623502	2	0
chr6	32623232	32623233	rs9273328	chr6:32623026-32623502	2	0
chr6	32623241	32623242	rs9273329	chr6:32623026-32623502	2	0
chr6	32623299	32623300	rs9273330	chr6:32623026-32623502	2	0
chr6	32624828	32624829	rs35983205	chr6:32624676-32630218	13	0
chr6	32624846	32624847	rs113663338	chr6:32624676-32630218	13	0
chr6	32625884	32625885	rs9273350	chr6:32624676-32630218	13	0
chr6	32625905	32625906	rs9273351	chr6:32624676-32630218	13	0
chr6	32625927	32625928	rs9273352	chr6:32624676-32630218	13	0
chr6	32625951	32625952	rs9273354	chr6:32624676-32630218	13	0
chr6	32625959	32625960	rs9273355	chr6:32624676-32630218	13	0
chr6	32625988	32625989	rs9273356	chr6:32624676-32630218	13	0
chr6	32626483	32626484	rs9273369	chr6:32624676-32630218	13	0
chr6	32626491	32626492	rs9273370	chr6:32624676-32630218	13	0
chr6	32626589	32626590	rs9273372	chr6:32624676-32630218	13	0
chr6	32626600	32626601	rs9273373	chr6:32624676-32630218	13	0
chr6	32626613	32626614	rs9273374	chr6:32624676-32630218	13	0
chr6	32626800	32626801	rs9273376	chr6:32624676-32630218	13	0
chr6	32626864	32626865	rs78556970	chr6:32624676-32630218	13	0
chr6	32626894	32626895	rs9273380	chr6:32624676-32630218	13	0
chr6	32626919	32626920	rs36206058	chr6:32624676-32630218	13	0
chr6	32626924	32626925	rs9273382	chr6:32624676-32630218	13	0
chr6	32627210	32627211	rs9273407	chr6:32624676-32630218	13	0
chr6	32627234	32627235	rs9273409	chr6:32624676-32630218	13	0
chr6	32627262	32627263	rs9273412	chr6:32624676-32630218	13	0
chr6	32627291	32627292	rs9273413	chr6:32624676-32630218	13	0
chr6	32627298	32627299	rs9273414	chr6:32624676-32630218	13	0
chr6	32627309	32627310	rs9273415	chr6:32624676-32630218	13	0
chr6	32627320	32627321	rs9273416	chr6:32624676-32630218	13	0
chr6	32627351	32627352	rs9273417	chr6:32624676-32630218	13	0
chr6	32627361	32627362	rs9273418	chr6:32624676-32630218	13	0
chr6	32627364	32627365	rs9273419	chr6:32624676-32630218	13	0
chr6	32627366	32627367	rs1130457	chr6:32624676-32630218	13	0
chr6	32627378	32627379	rs1130456	chr6:32624676-32630218	13	0
chr6	32627389	32627390	rs9273423	chr6:32624676-32630218	13	0
chr6	32627393	32627394	rs9273424	chr6:32624676-32630218	13	0
chr6	32627395	32627396	rs9273425	chr6:32624676-32630218	13	0
chr6	32627433	32627434	rs9273426	chr6:32624676-32630218	13	0
chr6	32627440	32627441	rs9273427	chr6:32624676-32630218	13	0
chr6	32627459	32627460	rs9273430	chr6:32624676-32630218	13	0
chr6	32627484	32627485	rs9273432	chr6:32624676-32630218	13	0
chr6	32627488	32627489	rs9273433	chr6:32624676-32630218	13	0
chr6	32627516	32627517	rs9273436	chr6:32624676-32630218	13	0
chr6	32627522	32627523	rs9273438	chr6:32624676-32630218	13	0
chr6	32627560	32627561	rs9273440	chr6:32624676-32630218	13	0
chr6	32627572	32627573	rs9273441	chr6:32624676-32630218	13	0
chr6	32627581	32627582	rs9273442	chr6:32624676-32630218	13	0
chr6	32627599	32627600	rs9273443	chr6:32624676-32630218	13	0
chr6	32627634	32627635	rs9273444	chr6:32624676-32630218	13	0
chr6	32627645	32627646	rs9273445	chr6:32624676-32630218	13	0
chr6	32627713	32627714	rs1063355	chr6:32624676-32630218	13	0
chr6	32627746	32627747	rs1049225	chr6:32624676-32630218	13	0
chr6	32627772	32627773	rs1049213	chr6:32624676-32630218	13	0
chr6	32627905	32627906	rs1063349	chr6:32624676-32630218	13	0
chr6	32627922	32627923	rs1063348	chr6:32624676-32630218	13	0
chr6	32627955	32627956	rs1063347	chr6:32624676-32630218	13	0
chr6	32627966	32627967	rs1063346	chr6:32624676-32630218	13	0
chr6	32627968	32627969	rs3204428	chr6:32624676-32630218	13	0
chr6	32627975	32627976	rs1063345	chr6:32624676-32630218	13	0
chr6	32628083	32628084	rs2854277	chr6:32624676-32630218	13	0
chr6	32628092	32628093	rs9273479	chr6:32624676-32630218	13	0
chr6	32628126	32628127	rs9273482	chr6:32624676-32630218	13	0
chr6	32628137	32628138	rs9273483	chr6:32624676-32630218	13	0
chr6	32628246	32628247	rs9273493	chr6:32624676-32630218	13	0
chr6	32628296	32628297	rs9273497	chr6:32624676-32630218	13	0
chr6	32628300	32628301	rs9273498	chr6:32624676-32630218	13	0
chr6	32628341	32628342	rs9273500	chr6:32624676-32630218	13	0
chr6	32628427	32628428	rs2854275	chr6:32624676-32630218	13	0
chr6	32628472	32628473	rs9273509	chr6:32624676-32630218	13	0
chr6	32628473	32628474	rs9273510	chr6:32624676-32630218	13	0
chr6	32628537	32628538	rs9273514	chr6:32624676-32630218	13	0
chr6	32628538	32628539	rs9273515	chr6:32624676-32630218	13	0
chr6	32628594	32628595	rs9273524	chr6:32624676-32630218	13	0
chr6	32628750	32628751	rs9273534	chr6:32624676-32630218	13	0
chr6	32628775	32628776	rs2854273	chr6:32624676-32630218	13	0
chr6	32628783	32628784	rs3020628	chr6:32624676-32630218	13	0
chr6	32628832	32628833	rs9273544	chr6:32624676-32630218	13	0
chr6	32628834	32628835	rs3020625	chr6:32624676-32630218	13	0
chr6	32628840	32628841	rs9273546	chr6:32624676-32630218	13	0
chr6	32628843	32628844	rs9273547	chr6:32624676-32630218	13	0
chr6	32629063	32629064	rs9273584	chr6:32624676-32630218	13	0
chr6	32629136	32629137	rs1140343	chr6:32624676-32630218	13	0
chr6	32629160	32629161	rs1130430	chr6:32624676-32630218	13	0
chr6	32629319	32629320	rs9273713	chr6:32624676-32630218	13	0
chr6	32629408	32629409	rs9273754	chr6:32624676-32630218	13	0
chr6	32629431	32629432	rs9273767	chr6:32624676-32630218	13	0
chr6	32629437	32629438	rs9273772	chr6:32624676-32630218	13	0
chr6	32629442	32629443	rs9273777	chr6:32624676-32630218	13	0
chr6	32629446	32629447	rs9273781	chr6:32624676-32630218	13	0
chr6	32629495	32629496	rs9273800	chr6:32624676-32630218	13	0
chr6	32629528	32629529	rs9273817	chr6:32624676-32630218	13	0
chr6	32629581	32629582	rs9273841	chr6:32624676-32630218	13	0
chr6	32629801	32629802	rs1049092	chr6:32624676-32630218	13	0
chr6	32629846	32629847	rs1049133	chr6:32624676-32630218	13	0
chr6	32629903	32629904	rs1049086	chr6:32624676-32630218	13	0
chr6	32630138	32630139	rs9274084	chr6:32624676-32630218	13	0
chr6	32630175	32630176	rs9274106	chr6:32624676-32630218	13	0
chr6	32630193	32630194	rs9274112	chr6:32624676-32630218	13	0
chr6	32630204	32630205	rs9274115	chr6:32624676-32630218	13	0
chr6	32630212	32630213	rs4360168	chr6:32624676-32630218	13	0
chr6	32632713	32632714	rs3210148	chr6:32632028-32634764	21	0
chr6	32633130	32633131	rs9274436	chr6:32632028-32634764	21	0
chr6	32633180	32633181	rs9274438	chr6:32632028-32634764	21	0
chr6	32633488	32633489	rs9274464	chr6:32632028-32634764	21	0
chr6	32633616	32633617	rs9274470	chr6:32632028-32634764	21	0
chr6	32633743	32633744	rs9274478	chr6:32632028-32634764	21	0
chr6	32633851	32633852	rs9274488	chr6:32632028-32634764	21	0
chr6	32634009	32634010	rs3830058	chr6:32632028-32634764	21	0
chr6	32634031	32634032	rs9274501	chr6:32632028-32634764	21	0
chr6	32634140	32634141	rs9274506	chr6:32632028-32634764	21	0
chr6	32634151	32634152	rs9274507	chr6:32632028-32634764	21	0
chr6	32634183	32634184	rs9274510	chr6:32632028-32634764	21	0
chr6	32634349	32634350	rs1049057	chr6:32632028-32634764	21	0
chr6	32634386	32634387	rs1049055	chr6:32632028-32634764	21	0
chr6	32634404	32634405	rs1049053	chr6:32632028-32634764	21	0
chr6	32634484	32634485	rs9274526	chr6:32632028-32634764	21	0
chr6	32634507	32634508	rs9274528	chr6:32632028-32634764	21	0
chr6	32634513	32634514	rs9274529	chr6:32632028-32634764	21	0
chr6	32634619	32634620	rs9274535	chr6:32632028-32634764	21	0
chr6	32634633	32634634	rs9274536	chr6:32632028-32634764	21	0
chr6	32634654	32634655	rs9274537	chr6:32632028-32634764	21	0
chr6	32634675	32634676	rs9274540	chr6:32632028-32634764	21	0
chr6	32634694	32634695	rs9274543	chr6:32632028-32634764	21	0
chr6	32634698	32634699	rs9274544	chr6:32632028-32634764	21	0
chr6	32634701	32634702	rs9274545	chr6:32632028-32634764	21	0
chr6	32634735	32634736	rs9274546	chr6:32632028-32634764	21	0
chr6	32635311	32635312	rs9274579	chr6:32635288-32635463	1	0
chr6	32635344	32635345	rs9274580	chr6:32635288-32635463	1	0
chr6	32635346	32635347	rs9274581	chr6:32635288-32635463	1	0
chr6	32635347	32635348	rs9274582	chr6:32635288-32635463	1	0
chr6	32635360	32635361	rs9274583	chr6:32635288-32635463	1	0
chr6	32635364	32635365	rs9274584	chr6:32635288-32635463	1	0
chr6	32635376	32635377	rs9274587	chr6:32635288-32635463	1	0
chr6	32635399	32635400	rs9274592	chr6:32635288-32635463	1	0
chr6	32635434	32635435	rs9274594	chr6:32635288-32635463	1	0
chr6	32635449	32635450	rs9274595	chr6:32635288-32635463	1	0
chr6	32635753	32635754	rs3828789	chr6:32635742-32636921	24	0
chr6	32635808	32635809	rs3828790	chr6:32635742-32636921	24	0
chr6	32635812	32635813	rs3828791	chr6:32635742-32636921	24	0
chr6	32636037	32636038	rs3828798	chr6:32635742-32636921	24	0
chr6	32636039	32636040	rs9274626	chr6:32635742-32636921	24	0
chr6	32636119	32636120	rs3828805	chr6:32635742-32636921	24	0
chr6	32636129	32636130	rs3828806	chr6:32635742-32636921	24	0
chr6	32636130	32636131	rs3828807	chr6:32635742-32636921	24	0
chr6	32636136	32636137	rs9274637	chr6:32635742-32636921	24	0
chr6	32636220	32636221	rs3828811	chr6:32635742-32636921	24	0
chr6	32636433	32636434	rs9274660	chr6:32635742-32636921	24	0
chr6	32636493	32636494	rs9274662	chr6:32635742-32636921	24	0
chr6	32636590	32636591	rs9274669	chr6:32635742-32636921	24	0
chr6	32636601	32636602	rs9274671	chr6:32635742-32636921	24	0
chr6	32636645	32636646	rs9274678	chr6:32635742-32636921	24	0
chr6	32636756	32636757	rs3134998	chr6:32635742-32636921	24	0
chr6	32636865	32636866	rs3134996	chr6:32635742-32636921	24	0
chr6	32637301	32637302	rs2395231	chr6:32637001-32637458	1	0
chr6	32637777	32637778	rs3134993	chr6:32637728-32638008	2	0
chr6	32657435	32657436	rs3129716	chr6:32657185-32658370	36	0
chr6	32668438	32668439	rs3135002	chr6:32668185-32668715	8	0
chr6	35993892	35993893	rs59297270	chr6:35993186-35994223	17	0
chr6	35993905	35993906	rs3761980	chr6:35993186-35994223	17	0
chr6	35995632	35995633	rs56156688	chr6:35995029-35997663	127	0
chr6	35996412	35996413	rs61763101	chr6:35995029-35997663	127	0
chr6	36005099	36005100	rs58390233	chr6:36005057-36005321	1	0
chr6	36007247	36007248	rs71712303	chr6:36006887-36007277	2	0
chr6	36019927	36019928	rs6921999	chr6:36019773-36020377	2	0
chr6	36020158	36020159	rs41271263	chr6:36019773-36020377	2	0
chr6	36032667	36032668	rs56133220	chr6:36032391-36034216	24	0
chr6	36033919	36033920	rs73407876	chr6:36032391-36034216	24	0
chr6	36035259	36035260	rs3839809	chr6:36035192-36036086	29	0
chr6	36036511	36036512	rs73730437	chr6:36036358-36036765	1	0
chr6	36044224	36044225	rs3730366	chr6:36044150-36044790	4	0
chr6	36048416	36048417	rs6910685	chr6:36048373-36048657	1	0
chr6	36051198	36051199	rs76703794	chr6:36050944-36051334	1	0
chr6	36051199	36051200	rs76171341	chr6:36050944-36051334	1	0
chr6	36051412	36051413	rs73409842	chr6:36051379-36051811	1	0
chr6	36058202	36058203	rs79062678	chr6:36058047-36058311	1	0
chr6	36061262	36061263	rs6914570	chr6:36060953-36061272	2	0
chr6	36062990	36062991	rs7771484	chr6:36062635-36064292	56	0
chr6	36063161	36063162	rs16884694	chr6:36062635-36064292	56	0
chr6	36069874	36069875	rs6936327	chr6:36069483-36069930	3	0
chr6	36083103	36083104	rs56044978	chr6:36082625-36083299	16	0
chr6	36084671	36084672	rs7752459	chr6:36084234-36085522	12	0
chr6	36085002	36085003	rs73730459	chr6:36084234-36085522	12	0
chr6	36086691	36086692	rs3842174	chr6:36085995-36086912	56	0
chr6	90880392	90880393	rs10944479	chr6:90880382-90880662	2	0
chr6	90941239	90941240	rs11757155	chr6:90940369-90941253	4	0
chr6	90951238	90951239	rs17513531	chr6:90950961-90951271	3	0
chr6	90951522	90951523	rs181205	chr6:90951276-90951552	1	0
chr6	90967196	90967197	rs1604831	chr6:90966737-90967391	5	0
chr6	90969220	90969221	rs1604830	chr6:90968882-90969366	1	0
chr6	90983849	90983850	rs905671	chr6:90982978-90984033	1	0
chr6	91005742	91005743	rs6908626	chr6:91004325-91008915	71	0
chr6	91006226	91006227	rs1504215	chr6:91004325-91008915	71	0
chr6	91008026	91008027	rs6925032	chr6:91004325-91008915	71	0
chr6	91012866	91012867	rs56353819	chr6:91012701-91013394	2	0
chr6	126661153	126661154	rs9388486	chr6:126660814-126661917	70	0
chr6	126661857	126661858	rs9375435	chr6:126660814-126661917	70	0
chr6	126699050	126699051	rs71281258	chr6:126698925-126699209	3	0
chr6	126744086	126744087	rs9321065	chr6:126744054-126744394	4	0
chr6	126782456	126782457	rs9388495	chr6:126782153-126782580	4	0
chr6	126857942	126857943	rs8176719	chr6:126857787-126858043	1	0
chr6	126898540	126898541	rs9372841	chr6:126898143-126898543	1	0
chr6	126976615	126976616	rs6913430	chr6:126975978-126976688	1	0
chr6	127046120	127046121	rs853982	chr6:127045929-127046373	1	0
chr6	127046152	127046153	rs853983	chr6:127045929-127046373	1	0
chr6	170362119	170362120	rs924039	chr6:170362014-170362427	4	0
chr6	170376848	170376849	rs75738781	chr6:170376596-170377386	1	0
chr6	170382653	170382654	rs7764906	chr6:170382458-170382842	2	0
chr6	170387740	170387741	rs1390309	chr6:170387522-170387786	1	0
chr6	170396845	170396846	rs74954452	chr6:170396673-170397463	1	0
chr6	170396962	170396963	rs72503859	chr6:170396673-170397463	1	0
chr6	170397318	170397319	rs4710852	chr6:170396673-170397463	1	0
chr7	26698193	26698194	rs212838	chr7:26697752-26698316	5	0
chr7	26729204	26729205	rs212856	chr7:26727865-26730188	34	0
chr7	26852997	26852998	rs73067456	chr7:26852960-26853500	2	0
chr7	26853469	26853470	rs3801831	chr7:26852960-26853500	2	0
chr7	26889861	26889862	rs17376018	chr7:26889785-26890607	9	0
chr7	26890445	26890446	rs4722647	chr7:26889785-26890607	9	0
chr7	26890571	26890572	rs3934268	chr7:26889785-26890607	9	0
chr7	26893356	26893357	rs7791513	chr7:26893349-26893816	6	0
chr7	26893523	26893524	rs3213853	chr7:26893349-26893816	6	0
chr7	26894859	26894860	rs12536145	chr7:26894593-26894875	2	0
chr7	26897438	26897439	rs3801807	chr7:26896973-26898291	11	0
chr7	26897639	26897640	rs3801805	chr7:26896973-26898291	11	0
chr7	26901739	26901740	rs3801803	chr7:26901732-26901972	1	0
chr7	26903660	26903661	rs73069539	chr7:26903041-26905076	72	0
chr7	26904329	26904330	rs17323934	chr7:26903041-26905076	72	0
chr7	26904769	26904770	rs73069540	chr7:26903041-26905076	72	0
chr7	26904927	26904928	rs73069541	chr7:26903041-26905076	72	0
chr7	50465205	50465206	rs55981617	chr7:50464890-50465499	9	0
chr7	50467766	50467767	rs61731355	chr7:50467711-50468341	1	0
chr7	50472323	50472324	rs62445866	chr7:50472073-50472705	2	0
chr7	50473250	50473251	rs6964969	chr7:50472961-50473365	1	0
chr7	50473289	50473290	rs6956014	chr7:50472961-50473365	1	0
chr7	50473750	50473751	rs6944602	chr7:50473691-50473785	1	0
chr7	50475320	50475321	rs10264390	chr7:50475069-50475333	1	0
chr7	50477610	50477611	rs62445869	chr7:50477558-50478463	25	0
chr7	50477686	50477687	rs17133807	chr7:50477558-50478463	25	0
chr9	4290540	4290541	rs10116772	chr9:4290290-4290966	8	0
chr9	4290543	4290544	rs10814915	chr9:4290290-4290966	8	0
chr9	4290822	4290823	rs6476839	chr9:4290290-4290966	8	0
chr9	4293149	4293150	rs10814916	chr9:4293129-4294103	30	0
chr9	4295582	4295583	rs10758594	chr9:4295315-4295631	1	0
chr9	4296429	4296430	rs10814917	chr9:4296190-4296784	1	0
chr9	117566439	117566440	rs4263839	chr9:117566259-117566555	1	0
chr9	117568765	117568766	rs6478109	chr9:117567760-117569049	20	0
chr9	117569045	117569046	rs7848647	chr9:117567760-117569049	20	0
chr9	136132908	136132909	rs145878112	chr9:136132831-136133195	2	0
chr9	136145403	136145404	rs9411377	chr9:136144446-136145737	23	0
chr9	139257146	139257147	rs10870201	chr9:139256718-139258743	97	0
chr9	139259248	139259249	rs11145750	chr9:139259229-139260320	7	0
chr9	139259348	139259349	rs4073153	chr9:139259229-139260320	7	0
chr9	139267532	139267533	rs4078099	chr9:139266881-139270037	60	0
chr9	139269134	139269135	rs3812558	chr9:139266881-139270037	60	0
chr9	139269197	139269198	rs3829110	chr9:139266881-139270037	60	0
chr9	139269337	139269338	rs10781500	chr9:139266881-139270037	60	0
chr9	139269482	139269483	rs3829111	chr9:139266881-139270037	60	0
chr9	139269904	139269905	rs3812560	chr9:139266881-139270037	60	0
chr9	139270605	139270606	rs35670379	chr9:139270464-139271521	1	0
chr9	139271105	139271106	rs3812563	chr9:139270464-139271521	1	0
chr9	139271189	139271190	rs3812564	chr9:139270464-139271521	1	0
chr9	139271354	139271355	rs10781505	chr9:139270464-139271521	1	0
chr9	139271849	139271850	rs11793497	chr9:139271750-139272365	3	0
chr9	139271918	139271919	rs11791262	chr9:139271750-139272365	3	0
chr9	139272057	139272058	rs10781507	chr9:139271750-139272365	3	0
chr9	139276679	139276680	rs3812573	chr9:139276243-139277432	1	0
chr9	139277058	139277059	rs4567159	chr9:139276243-139277432	1	0
chr9	139279775	139279776	rs4307445	chr9:139279447-139279791	3	0
chr9	139280598	139280599	rs1063343	chr9:139280513-139280829	4	0
chr9	139281846	139281847	rs78428995	chr9:139281770-139282074	2	0
chr9	139290250	139290251	rs4498662	chr9:139290076-139290432	1	0
chr9	139294246	139294247	rs4330804	chr9:139293486-139295409	80	0
chr9	139297920	139297921	rs11145903	chr9:139297854-139299518	21	0
chr9	139298592	139298593	rs1051957	chr9:139297854-139299518	21	0
chr9	139300546	139300547	rs10781518	chr9:139300465-139300640	1	0
chr9	139316600	139316601	rs10870165	chr9:139316148-139316834	1	0
chr9	139318070	139318071	rs7628	chr9:139317603-139318586	1	0
chrX	135666847	135666848	rs2807257	chrX:135666743-135667081	4	0
chrX	135666922	135666923	rs2518883	chrX:135666743-135667081	4	0
chrX	153878000	153878001	rs4526543	chrX:153877926-153878679	4	0
chrX	153939662	153939663	rs2664169	chrX:153939617-153939908	1	0
chrX	153947980	153947981	rs5987015	chrX:153947276-153948176	16	0
chrX	153948159	153948160	rs5987016	chrX:153947276-153948176	16	0
chrX	153948686	153948687	rs2728723	chrX:153948390-153948719	6	0
chrX	153949613	153949614	rs2664172	chrX:153949329-153950039	2	0
chrX	153949792	153949793	rs1605895	chrX:153949329-153950039	2	0
