chr	start	end	rsid	enh_pos	num	dis	gtex
chr2	234146549	234146550	rs10187752	chr2:234146493-234146813	1	0	rs10187752
chr7	50475320	50475321	rs10264390	chr7:50475069-50475333	1	0	rs10264390
chr6	32605256	32605257	rs1047989	chr6:32604729-32611082	35	0	rs1047989
chr6	32634386	32634387	rs1049055	chr6:32632028-32634764	21	0	rs1049055
chr6	32634349	32634350	rs1049057	chr6:32632028-32634764	21	0	rs1049057
chr6	32627772	32627773	rs1049213	chr6:32624676-32630218	13	0	rs1049213
chr6	32627746	32627747	rs1049225	chr6:32624676-32630218	13	0	rs1049225
chr6	32412591	32412592	rs1051336	chr6:32406896-32414206	71	0	rs1051336
chr16	28596883	28596884	rs10521145	chr16:28596789-28597491	2	0	rs10521145
chr6	32627975	32627976	rs1063345	chr6:32624676-32630218	13	0	rs1063345
chr6	32627966	32627967	rs1063346	chr6:32624676-32630218	13	0	rs1063346
chr6	32627955	32627956	rs1063347	chr6:32624676-32630218	13	0	rs1063347
chr6	32627922	32627923	rs1063348	chr6:32624676-32630218	13	0	rs1063348
chr6	32627905	32627906	rs1063349	chr6:32624676-32630218	13	0	rs1063349
chr6	32627713	32627714	rs1063355	chr6:32624676-32630218	13	0	rs1063355
chr6	32609125	32609126	rs1071630	chr6:32604729-32611082	35	0	rs1071630
chr22	30238316	30238317	rs1076135	chr22:30238003-30238359	1	0	rs1076135
chr11	2194419	2194420	rs10770142	chr11:2194354-2194797	4	0	rs10770142
chr12	56478001	56478002	rs10876870	chr12:56477826-56478066	1	0	rs10876870
chr2	234149701	234149702	rs10929322	chr2:234149551-234149921	3	0	rs10929322
chr10	64396915	64396916	rs10995249	chr10:64396551-64398564	61	0	rs10995249
chr16	28608355	28608356	rs11074908	chr16:28608062-28608638	19	0	rs11074908
chr6	30803525	30803526	rs1110482	chr6:30803250-30803660	1	0	rs1110482
chr3	49712296	49712297	rs11130213	chr3:49710428-49712535	75	0	rs11130213
chr6	32609104	32609105	rs1129740	chr6:32604729-32611082	35	0	rs1129740
chr6	32605273	32605274	rs1130034	chr6:32604729-32611082	35	0	rs1130034
chr6	32629160	32629161	rs1130430	chr6:32624676-32630218	13	0	rs1130430
chr6	32627378	32627379	rs1130456	chr6:32624676-32630218	13	0	rs1130456
chr6	32627366	32627367	rs1130457	chr6:32624676-32630218	13	0	rs1130457
chr6	32412565	32412566	rs1131541	chr6:32406896-32414206	71	0	rs1131541
chr6	32624846	32624847	rs113663338	chr6:32624676-32630218	13	0	rs113663338
chr6	32629136	32629137	rs1140343	chr6:32624676-32630218	13	0	rs1140343
chr16	28512883	28512884	rs114558014	chr16:28512321-28513127	4	0	rs114558014
chr2	234156535	234156536	rs11679791	chr2:234156209-234156891	19	0	rs11679791
chr2	234166321	234166322	rs11685932	chr2:234166173-234166397	1	0	rs11685932
chr3	49455329	49455330	rs11715915	chr3:49454562-49455425	1	0	rs11715915
chr16	28875203	28875204	rs11864750	chr16:28873815-28876640	96	0	rs11864750
chr3	49513909	49513910	rs12330269	chr3:49513846-49514530	25	0	rs12330269
chr16	28543380	28543381	rs12446550	chr16:28543208-28544066	8	0	rs12446550
chr2	25207949	25207950	rs12618252	chr2:25207752-25208085	2	0	rs12618252
chr6	30882414	30882415	rs1264304	chr6:30881320-30883881	83	0	rs1264304
chr6	30796658	30796659	rs1264349	chr6:30795806-30796755	52	0	rs1264349
chr6	30796544	30796545	rs1264350	chr6:30795806-30796755	52	0	rs1264350
chr6	30789646	30789647	rs1264352	chr6:30789571-30790977	43	0	rs1264352
chr6	30783578	30783579	rs1264357	chr6:30779651-30784036	89	0	rs1264357
chr6	30777497	30777498	rs1264361	chr6:30776955-30777776	4	0	rs1264361
chr2	234146046	234146047	rs12692250	chr2:234145833-234146217	3	0	rs12692250
chr19	49218429	49218430	rs12978750	chr19:49218231-49219004	7	0	rs12978750
chr19	49218436	49218437	rs12978752	chr19:49218231-49219004	7	0	rs12978752
chr19	49218601	49218602	rs12979278	chr19:49218231-49219004	7	0	rs12979278
chr2	234178452	234178453	rs12994971	chr2:234178128-234178484	1	0	rs12994971
chr16	11402398	11402399	rs13330151	chr16:11402366-11403193	38	0	rs13330151
chr16	75272366	75272367	rs13337017	chr16:75272049-75273299	20	0	rs13337017
chr2	234145970	234145971	rs13412102	chr2:234145833-234146217	3	0	rs13412102
chr2	234145943	234145944	rs13418066	chr2:234145833-234146217	3	0	rs13418066
chr22	30128239	30128240	rs140100	chr22:30128213-30128572	3	0	rs140100
chr22	30128379	30128380	rs140101	chr22:30128213-30128572	3	0	rs140101
chr16	11188940	11188941	rs140148	chr16:11188584-11189180	3	0	rs140148
chr2	234170323	234170324	rs140643155	chr2:234170320-234171300	7	0	rs140643155
chr12	40592494	40592495	rs143626010	chr12:40592424-40592824	1	0	rs143626010
chr6	31066632	31066633	rs144846110	chr6:31066370-31066661	3	0	rs144846110
chr15	38909463	38909464	rs147034755	chr15:38909305-38909965	2	0	rs147034755
chr5	35926576	35926577	rs150935798	chr5:35926318-35926968	8	0	rs150935798
chr16	28508068	28508069	rs151174	chr16:28507458-28508523	1	0	rs151174
chr16	28505659	28505660	rs151234	chr16:28505296-28506280	36	0	rs151234
chrX	153949792	153949793	rs1605895	chrX:153949329-153950039	2	0	rs1605895
chr15	67468284	67468285	rs17294280	chr15:67466992-67468552	33	0	rs17294280
chr6	32615469	32615470	rs17612583	chr6:32613948-32615621	4	0	rs17612583
chr16	11241905	11241906	rs17673553	chr16:11241729-11242045	1	0	rs17673553
chr22	30212985	30212986	rs17711377	chr22:30212801-30213077	1	0	rs17711377
chr6	32615509	32615510	rs17843577	chr6:32613948-32615621	4	0	rs17843577
chr6	32615519	32615520	rs17843578	chr6:32613948-32615621	4	0	rs17843578
chr6	32615550	32615551	rs17843580	chr6:32613948-32615621	4	0	rs17843580
chr6	31543030	31543031	rs1800629	chr6:31542963-31548071	73	0	rs1800629
chr16	28507643	28507644	rs180743	chr16:28507458-28508523	1	0	rs180743
chr16	28508047	28508048	rs180744	chr16:28507458-28508523	1	0	rs180744
chr22	30238073	30238074	rs1894474	chr22:30238003-30238359	1	0	rs1894474
chr16	11351210	11351211	rs193778	chr16:11342955-11351756	222	0	rs193778
chr16	11350964	11350965	rs193779	chr16:11342955-11351756	222	0	rs193779
chr10	90047349	90047350	rs2018705	chr10:90046896-90047380	1	0	rs2018705
chr22	30217826	30217827	rs2057882	chr22:30217090-30218070	63	0	rs2057882
chr22	30210355	30210356	rs2074707	chr22:30209154-30210381	18	0	rs2074707
chr6	32411832	32411833	rs2239803	chr6:32406896-32414206	71	0	rs2239803
chr6	32411522	32411523	rs2239804	chr6:32406896-32414206	71	0	rs2239804
chr6	32411375	32411376	rs2239805	chr6:32406896-32414206	71	0	rs2239805
chr6	32411306	32411307	rs2239806	chr6:32406896-32414206	71	0	rs2239806
chr6	31364706	31364707	rs2251396	chr6:31364216-31365115	22	0	rs2251396
chr6	32607395	32607396	rs2284189	chr6:32604729-32611082	35	0	rs2284189
chr19	49232225	49232226	rs2287922	chr19:49231974-49233025	24	0	rs2287922
chr22	37589868	37589869	rs229536	chr22:37588181-37590496	27	0	rs229536
chr22	37592105	37592106	rs229542	chr22:37591894-37592430	1	0	rs229542
chr22	37593079	37593080	rs229544	chr22:37592745-37596325	143	0	rs229544
chr22	30234044	30234045	rs2301402	chr22:30233573-30234818	55	0	rs2301402
chr20	1614287	1614288	rs2318044	chr20:1614152-1614582	5	0	rs2318044
chr16	28538335	28538336	rs231972	chr16:28537483-28538762	37	0	rs231972
chr6	30811264	30811265	rs2517578	chr6:30810929-30811525	3	0	rs2517578
chr6	30122656	30122657	rs2523735	chr6:30122418-30123131	15	0	rs2523735
chr6	30780567	30780568	rs2524266	chr6:30779651-30784036	89	0	rs2524266
chr6	30813248	30813249	rs2535332	chr6:30812880-30813436	13	0	rs2535332
chr6	30812995	30812996	rs2535334	chr6:30812880-30813436	13	0	rs2535334
chr6	30838496	30838497	rs2535340	chr6:30838429-30838705	1	0	rs2535340
chr5	131707428	131707429	rs2631360	chr5:131706513-131707683	10	0	rs2631360
chrX	153939662	153939663	rs2664169	chrX:153939617-153939908	1	0	rs2664169
chrX	153949613	153949614	rs2664172	chrX:153949329-153950039	2	0	rs2664172
chrX	153948686	153948687	rs2728723	chrX:153948390-153948719	6	0	rs2728723
chr1	157596137	157596138	rs2758640	chr1:157595835-157596291	7	0	rs2758640
chr1	157630311	157630312	rs2778006	chr1:157630066-157630322	1	0	rs2778006
chr16	75280377	75280378	rs28439846	chr16:75280186-75281494	2	0	rs28439846
chr2	234145617	234145618	rs28454240	chr2:234145554-234145794	1	0	rs28454240
chr6	32628775	32628776	rs2854273	chr6:32624676-32630218	13	0	rs2854273
chr6	32628427	32628428	rs2854275	chr6:32624676-32630218	13	0	rs2854275
chr6	32628083	32628084	rs2854277	chr6:32624676-32630218	13	0	rs2854277
chr16	11231856	11231857	rs2867880	chr16:11231753-11232236	3	0	rs2867880
chr16	28533070	28533071	rs28698667	chr16:28532774-28533086	1	0	rs28698667
chr1	157692043	157692044	rs2873405	chr1:157691566-157692326	3	0	rs2873405
chr16	28535304	28535305	rs28772958	chr16:28535258-28535596	2	0	rs28772958
chr6	32628834	32628835	rs3020625	chr6:32624676-32630218	13	0	rs3020625
chr6	32628783	32628784	rs3020628	chr6:32624676-32630218	13	0	rs3020628
chr2	204738918	204738919	rs3087243	chr2:204738400-204739214	5	0	rs3087243
chr6	31465046	31465047	rs3094005	chr6:31464504-31465071	3	0	rs3094005
chr6	30495859	30495860	rs3094024	chr6:30495514-30496427	44	0	rs3094024
chr6	30566406	30566407	rs3095276	chr6:30565908-30567756	3	0	rs3095276
chr6	30750924	30750925	rs3095333	chr6:30749166-30751536	111	0	rs3095333
chr6	30731400	30731401	rs3095338	chr6:30731221-30732492	59	0	rs3095338
chr6	31799075	31799076	rs3115674	chr6:31797170-31800240	40	0	rs3115674
chr6	31718395	31718396	rs3117573	chr6:31718097-31718705	8	0	rs3117573
chr6	32657435	32657436	rs3129716	chr6:32657185-32658370	36	0	rs3129716
chr6	30746330	30746331	rs3129978	chr6:30745665-30746432	6	0	rs3129978
chr6	30758856	30758857	rs3129981	chr6:30758422-30759000	5	0	rs3129981
chr6	30761571	30761572	rs3129984	chr6:30761494-30762038	14	0	rs3129984
chr6	30762541	30762542	rs3129985	chr6:30762245-30762555	1	0	rs3129985
chr6	30515042	30515043	rs3130247	chr6:30514634-30515058	1	0	rs3130247
chr6	31739119	31739120	rs3130490	chr6:31739081-31739521	4	0	rs3130490
chr6	31094702	31094703	rs3130557	chr6:31094555-31094851	1	0	rs3130557
chr6	31566167	31566168	rs3130631	chr6:31565899-31566856	34	0	rs3130631
chr6	31807539	31807540	rs3130679	chr6:31801676-31810377	152	0	rs3130679
chr6	31462134	31462135	rs3130923	chr6:31461429-31463881	70	0	rs3130923
chr6	30758663	30758664	rs3131044	chr6:30758422-30759000	5	0	rs3131044
chr6	30758847	30758848	rs3131045	chr6:30758422-30759000	5	0	rs3131045
chr6	31721032	31721033	rs3131379	chr6:31720523-31721338	4	0	rs3131379
chr6	31704293	31704294	rs3131383	chr6:31701014-31708575	413	0	rs3131383
chr6	31596137	31596138	rs3132450	chr6:31595200-31596349	2	0	rs3132450
chr6	31172150	31172151	rs3132510	chr6:31170036-31172282	84	0	rs3132510
chr6	30748163	30748164	rs3132599	chr6:30747856-30749071	5	0	rs3132599
chr6	30746366	30746367	rs3132600	chr6:30745665-30746432	6	0	rs3132600
chr6	32668438	32668439	rs3135002	chr6:32668185-32668715	8	0	rs3135002
chr6	32605206	32605207	rs3187964	chr6:32604729-32611082	35	0	rs3187964
chr6	32627968	32627969	rs3204428	chr6:32624676-32630218	13	0	rs3204428
chr6	32632713	32632714	rs3210148	chr6:32632028-32634764	21	0	rs3210148
chr19	49218110	49218111	rs33988101	chr19:49216712-49218218	56	0	rs33988101
chr6	32609513	32609514	rs34719927	chr6:32604729-32611082	35	0	rs34719927
chr6	32610108	32610109	rs34826728	chr6:32604729-32611082	35	0	rs34826728
chr6	32610058	32610059	rs34843907	chr6:32604729-32611082	35	0	rs34843907
chr3	49423273	49423274	rs35169793	chr3:49423103-49423392	2	0	rs35169793
chr19	49218059	49218060	rs35866622	chr19:49216712-49218218	56	0	rs35866622
chr6	32624828	32624829	rs35983205	chr6:32624676-32630218	13	0	rs35983205
chr6	32626919	32626920	rs36206058	chr6:32624676-32630218	13	0	rs36206058
chr22	30206290	30206291	rs36576	chr22:30206184-30206519	2	0	rs36576
chr16	75280957	75280958	rs3743614	chr16:75280186-75281494	2	0	rs3743614
chr15	79219187	79219188	rs3784539	chr15:79218455-79219925	3	0	rs3784539
chr6	31940896	31940897	rs389884	chr6:31936830-31941384	159	0	rs389884
chr16	11415638	11415639	rs3931015	chr16:11415563-11416039	2	0	rs3931015
chr16	28508446	28508447	rs40831	chr16:28507458-28508523	1	0	rs40831
chr22	30405982	30405983	rs41158	chr22:30405466-30406131	2	0	rs41158
chr6	36020158	36020159	rs41271263	chr6:36019773-36020377	2	0	rs41271263
chr16	28608937	28608938	rs4149398	chr16:28608913-28609736	14	0	rs4149398
chr16	11422835	11422836	rs4390613	chr16:11420630-11423461	94	0	rs4390613
chrX	153878000	153878001	rs4526543	chrX:153877926-153878679	4	0	rs4526543
chr12	56474479	56474480	rs4759229	chr12:56472575-56475103	112	0	rs4759229
chr16	11370970	11370971	rs4780357	chr16:11370745-11371038	2	0	rs4780357
chr16	11428761	11428762	rs4781069	chr16:11428686-11429198	2	0	rs4781069
chr2	25301754	25301755	rs478222	chr2:25301135-25302151	29	0	rs478222
chr16	28539847	28539848	rs4788084	chr16:28539688-28540156	9	0	rs4788084
chr19	47276453	47276454	rs4804000	chr19:47275952-47276693	1	0	rs4804000
chr15	38846737	38846738	rs4924273	chr15:38846519-38847247	5	0	rs4924273
chr11	2197131	2197132	rs4929964	chr11:2196868-2197245	3	0	rs4929964
chr11	2197435	2197436	rs4929966	chr11:2197376-2198125	4	0	rs4929966
chr2	25303771	25303772	rs493090	chr2:25303626-25303882	1	0	rs493090
chr2	25335088	25335089	rs497567	chr2:25335080-25335314	1	0	rs497567
chr6	31832037	31832038	rs515688	chr6:31829659-31832125	141	0	rs515688
chr16	11378074	11378075	rs55707838	chr16:11377680-11378291	9	0	rs55707838
chr6	31870325	31870326	rs558702	chr6:31868623-31870574	71	0	rs558702
chr2	234170325	234170326	rs55926010	chr2:234170320-234171300	7	0	rs55926010
chr16	11415594	11415595	rs56136462	chr16:11415563-11416039	2	0	rs56136462
chr22	30212365	30212366	rs5763512	chr22:30212028-30212562	2	0	rs5763512
chrX	153947980	153947981	rs5987015	chrX:153947276-153948176	16	0	rs5987015
chrX	153948159	153948160	rs5987016	chrX:153947276-153948176	16	0	rs5987016
chr6	31808435	31808436	rs599707	chr6:31801676-31810377	152	0	rs599707
chr16	75283064	75283065	rs60879082	chr16:75282595-75286132	60	0	rs60879082
chr16	11241805	11241806	rs62026379	chr16:11241729-11242045	1	0	rs62026379
chr16	28609328	28609329	rs62031562	chr16:28608913-28609736	14	0	rs62031562
chr16	28532187	28532188	rs62034319	chr16:28532065-28532409	1	0	rs62034319
chr16	28536472	28536473	rs62034323	chr16:28535939-28536516	8	0	rs62034323
chr16	28538639	28538640	rs62034325	chr16:28537483-28538762	37	0	rs62034325
chr2	234161768	234161769	rs6431654	chr2:234161424-234162601	16	0	rs6431654
chr16	11328248	11328249	rs6498177	chr16:11327849-11328284	7	0	rs6498177
chr2	25270432	25270433	rs6720580	chr2:25270162-25270438	1	0	rs6720580
chr2	234161582	234161583	rs6738490	chr2:234161424-234162601	16	0	rs6738490
chr2	204691537	204691538	rs6745050	chr2:204691472-204691792	2	0	rs6745050
chr2	234162152	234162153	rs6745825	chr2:234161424-234162601	16	0	rs6745825
chr19	49211968	49211969	rs676388	chr19:49211600-49212084	3	0	rs676388
chr6	36019927	36019928	rs6921999	chr6:36019773-36020377	2	0	rs6921999
chr7	50473250	50473251	rs6964969	chr7:50472961-50473365	1	0	rs6964969
chr3	49453833	49453834	rs6997	chr3:49452982-49454239	19	0	rs6997
chr22	30212193	30212194	rs713656	chr22:30212028-30212562	2	0	rs713656
chr15	38846677	38846678	rs7170151	chr15:38846519-38847247	5	0	rs7170151
chr16	11427747	11427748	rs7186455	chr16:11427485-11428205	7	0	rs7186455
chr16	28857644	28857645	rs7187776	chr16:28856290-28858505	101	0	rs7187776
chr16	28875481	28875482	rs7193733	chr16:28873815-28876640	96	0	rs7193733
chr16	28875121	28875122	rs7198606	chr16:28873815-28876640	96	0	rs7198606
chr16	11373300	11373301	rs7198849	chr16:11373064-11374319	40	0	rs7198849
chr15	38904545	38904546	rs72729312	chr15:38904300-38904671	3	0	rs72729312
chr22	30399416	30399417	rs737911	chr22:30399101-30399434	2	0	rs737911
chr16	28608229	28608230	rs743590	chr16:28608062-28608638	19	0	rs743590
chr11	2197111	2197112	rs7482891	chr11:2196868-2197245	3	0	rs7482891
chr15	79222923	79222924	rs7496812	chr15:79222918-79227115	28	0	rs7496812
chr16	28608340	28608341	rs762633	chr16:28608062-28608638	19	0	rs762633
chr12	56375739	56375740	rs773111	chr12:56375722-56376018	2	0	rs773111
chr12	56375880	56375881	rs773112	chr12:56375722-56376018	2	0	rs773112
chr10	101293340	101293341	rs7893840	chr10:101292109-101297278	14	0	rs7893840
chr10	101293317	101293318	rs7908704	chr10:101292109-101297278	14	0	rs7908704
chr10	101293467	101293468	rs7911680	chr10:101292109-101297278	14	0	rs7911680
chr16	75295020	75295021	rs8046145	chr16:75294928-75295465	3	0	rs8046145
chr16	11396839	11396840	rs8048768	chr16:11396787-11397067	1	0	rs8048768
chr16	75252102	75252103	rs8053595	chr16:75251994-75252696	16	0	rs8053595
chr16	75252160	75252161	rs8054218	chr16:75251994-75252696	16	0	rs8054218
chr16	75297672	75297673	rs8063014	chr16:75297421-75298445	5	0	rs8063014
chr19	47176751	47176752	rs874460	chr19:47176229-47176860	1	0	rs874460
chr6	30782204	30782205	rs886423	chr6:30779651-30784036	89	0	rs886423
chr6	30782001	30782002	rs886424	chr6:30779651-30784036	89	0	rs886424
chr6	30781300	30781301	rs886425	chr6:30779651-30784036	89	0	rs886425
chr6	30644136	30644137	rs9262141	chr6:30643345-30644145	1	0	rs9262141
chr6	30760724	30760725	rs9262200	chr6:30760649-30760893	1	0	rs9262200
chr6	31514246	31514247	rs9267488	chr6:31514136-31516555	154	0	rs9267488
chr6	32400069	32400070	rs9268606	chr6:32399736-32400360	10	0	rs9268606
chr6	32606175	32606176	rs9272497	chr6:32604729-32611082	35	0	rs9272497
chr6	32606323	32606324	rs9272507	chr6:32604729-32611082	35	0	rs9272507
chr6	32606324	32606325	rs9272508	chr6:32604729-32611082	35	0	rs9272508
chr6	32606356	32606357	rs9272509	chr6:32604729-32611082	35	0	rs9272509
chr6	32606379	32606380	rs9272513	chr6:32604729-32611082	35	0	rs9272513
chr6	32606808	32606809	rs9272538	chr6:32604729-32611082	35	0	rs9272538
chr6	32606833	32606834	rs9272540	chr6:32604729-32611082	35	0	rs9272540
chr6	32607007	32607008	rs9272553	chr6:32604729-32611082	35	0	rs9272553
chr6	32607041	32607042	rs9272555	chr6:32604729-32611082	35	0	rs9272555
chr6	32607045	32607046	rs9272556	chr6:32604729-32611082	35	0	rs9272556
chr6	32607280	32607281	rs9272574	chr6:32604729-32611082	35	0	rs9272574
chr6	32607388	32607389	rs9272578	chr6:32604729-32611082	35	0	rs9272578
chr6	32607734	32607735	rs9272607	chr6:32604729-32611082	35	0	rs9272607
chr6	32607749	32607750	rs9272609	chr6:32604729-32611082	35	0	rs9272609
chr6	32607779	32607780	rs9272611	chr6:32604729-32611082	35	0	rs9272611
chr6	32607828	32607829	rs9272613	chr6:32604729-32611082	35	0	rs9272613
chr6	32607858	32607859	rs9272614	chr6:32604729-32611082	35	0	rs9272614
chr6	32607926	32607927	rs9272618	chr6:32604729-32611082	35	0	rs9272618
chr6	32608013	32608014	rs9272625	chr6:32604729-32611082	35	0	rs9272625
chr6	32608092	32608093	rs9272628	chr6:32604729-32611082	35	0	rs9272628
chr6	32608095	32608096	rs9272629	chr6:32604729-32611082	35	0	rs9272629
chr6	32608183	32608184	rs9272634	chr6:32604729-32611082	35	0	rs9272634
chr6	32608302	32608303	rs9272642	chr6:32604729-32611082	35	0	rs9272642
chr6	32608303	32608304	rs9272643	chr6:32604729-32611082	35	0	rs9272643
chr6	32608507	32608508	rs9272647	chr6:32604729-32611082	35	0	rs9272647
chr6	32608628	32608629	rs9272656	chr6:32604729-32611082	35	0	rs9272656
chr6	32608679	32608680	rs9272661	chr6:32604729-32611082	35	0	rs9272661
chr6	32608709	32608710	rs9272664	chr6:32604729-32611082	35	0	rs9272664
chr6	32608819	32608820	rs9272670	chr6:32604729-32611082	35	0	rs9272670
chr6	32609512	32609513	rs9272725	chr6:32604729-32611082	35	0	rs9272725
chr6	32609593	32609594	rs9272729	chr6:32604729-32611082	35	0	rs9272729
chr6	32610046	32610047	rs9272756	chr6:32604729-32611082	35	0	rs9272756
chr6	32610269	32610270	rs9272776	chr6:32604729-32611082	35	0	rs9272776
chr6	32610573	32610574	rs9272798	chr6:32604729-32611082	35	0	rs9272798
chr6	32610575	32610576	rs9272799	chr6:32604729-32611082	35	0	rs9272799
chr6	32610580	32610581	rs9272800	chr6:32604729-32611082	35	0	rs9272800
chr6	32610583	32610584	rs9272801	chr6:32604729-32611082	35	0	rs9272801
chr6	32611648	32611649	rs9273013	chr6:32611414-32612529	3	0	rs9273013
chr6	32611722	32611723	rs9273020	chr6:32611414-32612529	3	0	rs9273020
chr6	32611724	32611725	rs9273021	chr6:32611414-32612529	3	0	rs9273021
chr6	32611872	32611873	rs9273033	chr6:32611414-32612529	3	0	rs9273033
chr6	32611873	32611874	rs9273034	chr6:32611414-32612529	3	0	rs9273034
chr6	32611930	32611931	rs9273038	chr6:32611414-32612529	3	0	rs9273038
chr6	32611967	32611968	rs9273043	chr6:32611414-32612529	3	0	rs9273043
chr6	32612002	32612003	rs9273046	chr6:32611414-32612529	3	0	rs9273046
chr6	32623218	32623219	rs9273326	chr6:32623026-32623502	2	0	rs9273326
chr6	32623232	32623233	rs9273328	chr6:32623026-32623502	2	0	rs9273328
chr6	32623241	32623242	rs9273329	chr6:32623026-32623502	2	0	rs9273329
chr6	32623299	32623300	rs9273330	chr6:32623026-32623502	2	0	rs9273330
chr6	32625988	32625989	rs9273356	chr6:32624676-32630218	13	0	rs9273356
chr6	32626483	32626484	rs9273369	chr6:32624676-32630218	13	0	rs9273369
chr6	32626491	32626492	rs9273370	chr6:32624676-32630218	13	0	rs9273370
chr6	32626589	32626590	rs9273372	chr6:32624676-32630218	13	0	rs9273372
chr6	32626600	32626601	rs9273373	chr6:32624676-32630218	13	0	rs9273373
chr6	32626613	32626614	rs9273374	chr6:32624676-32630218	13	0	rs9273374
chr6	32626800	32626801	rs9273376	chr6:32624676-32630218	13	0	rs9273376
chr6	32626894	32626895	rs9273380	chr6:32624676-32630218	13	0	rs9273380
chr6	32626924	32626925	rs9273382	chr6:32624676-32630218	13	0	rs9273382
chr6	32627210	32627211	rs9273407	chr6:32624676-32630218	13	0	rs9273407
chr6	32627234	32627235	rs9273409	chr6:32624676-32630218	13	0	rs9273409
chr6	32627262	32627263	rs9273412	chr6:32624676-32630218	13	0	rs9273412
chr6	32627291	32627292	rs9273413	chr6:32624676-32630218	13	0	rs9273413
chr6	32627298	32627299	rs9273414	chr6:32624676-32630218	13	0	rs9273414
chr6	32627309	32627310	rs9273415	chr6:32624676-32630218	13	0	rs9273415
chr6	32627320	32627321	rs9273416	chr6:32624676-32630218	13	0	rs9273416
chr6	32627351	32627352	rs9273417	chr6:32624676-32630218	13	0	rs9273417
chr6	32627361	32627362	rs9273418	chr6:32624676-32630218	13	0	rs9273418
chr6	32627364	32627365	rs9273419	chr6:32624676-32630218	13	0	rs9273419
chr6	32627389	32627390	rs9273423	chr6:32624676-32630218	13	0	rs9273423
chr6	32627393	32627394	rs9273424	chr6:32624676-32630218	13	0	rs9273424
chr6	32627395	32627396	rs9273425	chr6:32624676-32630218	13	0	rs9273425
chr6	32627433	32627434	rs9273426	chr6:32624676-32630218	13	0	rs9273426
chr6	32627440	32627441	rs9273427	chr6:32624676-32630218	13	0	rs9273427
chr6	32627459	32627460	rs9273430	chr6:32624676-32630218	13	0	rs9273430
chr6	32627484	32627485	rs9273432	chr6:32624676-32630218	13	0	rs9273432
chr6	32627488	32627489	rs9273433	chr6:32624676-32630218	13	0	rs9273433
chr6	32627516	32627517	rs9273436	chr6:32624676-32630218	13	0	rs9273436
chr6	32627522	32627523	rs9273438	chr6:32624676-32630218	13	0	rs9273438
chr6	32627560	32627561	rs9273440	chr6:32624676-32630218	13	0	rs9273440
chr6	32627572	32627573	rs9273441	chr6:32624676-32630218	13	0	rs9273441
chr6	32627581	32627582	rs9273442	chr6:32624676-32630218	13	0	rs9273442
chr6	32627599	32627600	rs9273443	chr6:32624676-32630218	13	0	rs9273443
chr6	32627634	32627635	rs9273444	chr6:32624676-32630218	13	0	rs9273444
chr6	32627645	32627646	rs9273445	chr6:32624676-32630218	13	0	rs9273445
chr6	32628092	32628093	rs9273479	chr6:32624676-32630218	13	0	rs9273479
chr6	32628126	32628127	rs9273482	chr6:32624676-32630218	13	0	rs9273482
chr6	32628137	32628138	rs9273483	chr6:32624676-32630218	13	0	rs9273483
chr6	32628246	32628247	rs9273493	chr6:32624676-32630218	13	0	rs9273493
chr6	32628296	32628297	rs9273497	chr6:32624676-32630218	13	0	rs9273497
chr6	32628300	32628301	rs9273498	chr6:32624676-32630218	13	0	rs9273498
chr6	32628341	32628342	rs9273500	chr6:32624676-32630218	13	0	rs9273500
chr6	32628537	32628538	rs9273514	chr6:32624676-32630218	13	0	rs9273514
chr6	32628538	32628539	rs9273515	chr6:32624676-32630218	13	0	rs9273515
chr6	32628594	32628595	rs9273524	chr6:32624676-32630218	13	0	rs9273524
chr6	32628750	32628751	rs9273534	chr6:32624676-32630218	13	0	rs9273534
chr6	32628832	32628833	rs9273544	chr6:32624676-32630218	13	0	rs9273544
chr6	32628840	32628841	rs9273546	chr6:32624676-32630218	13	0	rs9273546
chr6	32628843	32628844	rs9273547	chr6:32624676-32630218	13	0	rs9273547
chr6	32629063	32629064	rs9273584	chr6:32624676-32630218	13	0	rs9273584
chr6	32634183	32634184	rs9274510	chr6:32632028-32634764	21	0	rs9274510
chr6	32634484	32634485	rs9274526	chr6:32632028-32634764	21	0	rs9274526
chr6	32634507	32634508	rs9274528	chr6:32632028-32634764	21	0	rs9274528
chr6	32634513	32634514	rs9274529	chr6:32632028-32634764	21	0	rs9274529
chr6	32634619	32634620	rs9274535	chr6:32632028-32634764	21	0	rs9274535
chr6	32634633	32634634	rs9274536	chr6:32632028-32634764	21	0	rs9274536
chr6	32634654	32634655	rs9274537	chr6:32632028-32634764	21	0	rs9274537
chr6	32634675	32634676	rs9274540	chr6:32632028-32634764	21	0	rs9274540
chr6	32634694	32634695	rs9274543	chr6:32632028-32634764	21	0	rs9274543
chr6	32634698	32634699	rs9274544	chr6:32632028-32634764	21	0	rs9274544
chr6	32634701	32634702	rs9274545	chr6:32632028-32634764	21	0	rs9274545
chr6	32634735	32634736	rs9274546	chr6:32632028-32634764	21	0	rs9274546
chr3	49454111	49454112	rs9814873	chr3:49452982-49454239	19	0	rs9814873
chr3	49719728	49719729	rs9822268	chr3:49719364-49721064	2	0	rs9822268
chr1	78836873	78836874	rs116050397	chr1:78836526-78836903	3	0	-
chr1	206939903	206939904	rs3024505	chr1:206939515-206940377	48	0	-
chr1	206942412	206942413	rs3024495	chr1:206941859-206943393	35	0	-
chr1	206943967	206943968	rs3024493	chr1:206943698-206944427	12	0	-
chr1	206955040	206955041	rs3122605	chr1:206954877-206955113	1	0	-
chr1	206956115	206956116	rs61815643	chr1:206955725-206956315	21	0	-
chr10	6061478	6061479	rs28360490	chr10:6061075-6061800	6	0	-
chr10	6061498	6061499	rs28360489	chr10:6061075-6061800	6	0	-
chr10	6114659	6114660	rs41295061	chr10:6114363-6114949	13	0	-
chr10	6114855	6114856	rs10905718	chr10:6114363-6114949	13	0	-
chr10	6390449	6390450	rs947474	chr10:6389309-6390857	40	0	-
chr10	6402678	6402679	rs10752291	chr10:6402138-6402848	1	0	-
chr10	6402740	6402741	rs10796045	chr10:6402138-6402848	1	0	-
chr10	6406659	6406660	rs71391823	chr10:6406123-6406719	1	0	-
chr10	6406660	6406661	rs5816473	chr10:6406123-6406719	1	0	-
chr10	64396920	64396921	rs10995250	chr10:64396551-64398564	61	0	-
chr10	90051696	90051697	rs1035796	chr10:90051406-90051716	2	0	-
chr11	2181394	2181395	rs3842748	chr11:2181307-2182097	1	0	-
chr11	2212447	2212448	rs67957462	chr11:2212073-2212734	5	0	-
chr11	2212486	2212487	rs68037604	chr11:2212073-2212734	5	0	-
chr11	2212583	2212584	rs76361611	chr11:2212073-2212734	5	0	-
chr11	2212722	2212723	rs113607956	chr11:2212073-2212734	5	0	-
chr11	2212723	2212724	rs2521331	chr11:2212073-2212734	5	0	-
chr11	2214466	2214467	rs7947138	chr11:2214419-2215284	7	0	-
chr11	2214639	2214640	rs7125284	chr11:2214419-2215284	7	0	-
chr11	2214803	2214804	rs7107385	chr11:2214419-2215284	7	0	-
chr11	2214810	2214811	rs7107390	chr11:2214419-2215284	7	0	-
chr11	2215088	2215089	rs7107784	chr11:2214419-2215284	7	0	-
chr12	40592493	40592494	rs201212381	chr12:40592424-40592824	1	0	-
chr12	40825107	40825108	rs11564242	chr12:40825021-40825348	2	0	-
chr12	40959154	40959155	rs117791815	chr12:40958895-40959461	4	0	-
chr12	112007755	112007756	rs653178	chr12:112007687-112008435	13	0	-
chr12	112871371	112871372	rs11066301	chr12:112871085-112871372	2	0	-
chr13	100079832	100079833	rs9517712	chr13:100079395-100079991	1	0	-
chr14	69262440	69262441	rs3742887	chr14:69250548-69263605	435	0	-
chr14	69263340	69263341	rs8011558	chr14:69250548-69263605	435	0	-
chr14	69263598	69263599	rs1465788	chr14:69250548-69263605	435	0	-
chr14	69267694	69267695	rs1595260	chr14:69267694-69268024	2	0	-
chr14	69268398	69268399	rs1595261	chr14:69268081-69268965	3	0	-
chr14	69273904	69273905	rs194749	chr14:69273220-69274413	12	0	-
chr14	69288431	69288432	rs194741	chr14:69285831-69289705	71	0	-
chr14	69289900	69289901	rs750658	chr14:69289725-69290025	1	0	-
chr16	11085967	11085968	rs7403919	chr16:11084992-11086107	33	0	-
chr16	11092318	11092319	rs8062322	chr16:11092183-11092499	1	0	-
chr16	11099706	11099707	rs7194305	chr16:11099526-11099795	2	0	-
chr16	11114838	11114839	rs1985372	chr16:11114648-11115058	2	0	-
chr16	11118499	11118500	rs1861548	chr16:11118112-11118582	11	0	-
chr16	11119485	11119486	rs8049882	chr16:11118764-11119571	13	0	-
chr16	11132632	11132633	rs720130	chr16:11132472-11133042	5	0	-
chr16	11156008	11156009	rs11404982	chr16:11155788-11156038	1	0	-
chr16	11181755	11181756	rs7204099	chr16:11181640-11181880	1	0	-
chr16	11182133	11182134	rs7203793	chr16:11182009-11182291	1	0	-
chr16	11183562	11183563	rs9888868	chr16:11183313-11183623	1	0	-
chr16	11187861	11187862	rs12917656	chr16:11187855-11188570	31	0	-
chr16	11188929	11188930	rs12919083	chr16:11188584-11189180	3	0	-
chr16	11189147	11189148	rs12917716	chr16:11188584-11189180	3	0	-
chr16	11191399	11191400	rs12928537	chr16:11190849-11191427	4	0	-
chr16	11197389	11197390	rs12924667	chr16:11197288-11197512	1	0	-
chr16	11198834	11198835	rs11642631	chr16:11198305-11199883	67	0	-
chr16	11199446	11199447	rs6498160	chr16:11198305-11199883	67	0	-
chr16	11199677	11199678	rs998592	chr16:11198305-11199883	67	0	-
chr16	11207721	11207722	rs7203150	chr16:11207705-11208115	2	0	-
chr16	11207893	11207894	rs9746695	chr16:11207705-11208115	2	0	-
chr16	11370828	11370829	rs4780356	chr16:11370745-11371038	2	0	-
chr16	28513071	28513072	rs201090562	chr16:28512321-28513127	4	0	-
chr16	75252326	75252327	rs8056814	chr16:75251994-75252696	16	0	-
chr16	75273828	75273829	rs72802391	chr16:75273572-75274205	1	0	-
chr2	25321768	25321769	rs148331720	chr2:25321580-25322234	12	0	-
chr21	43820572	43820573	rs28700238	chr21:43820567-43821087	10	0	-
chr21	43820887	43820888	rs74278191	chr21:43820567-43821087	10	0	-
chr21	43824122	43824123	rs2277799	chr21:43823664-43824541	36	0	-
chr21	43824528	43824529	rs2156309	chr21:43823664-43824541	36	0	-
chr21	43826343	43826344	rs3746923	chr21:43826139-43826736	2	0	-
chr21	43826390	43826391	rs3746924	chr21:43826139-43826736	2	0	-
chr21	43832917	43832918	rs3761378	chr21:43832658-43833055	2	0	-
chr21	43834853	43834854	rs34544259	chr21:43834468-43836096	55	0	-
chr21	43835086	43835087	rs35269816	chr21:43834468-43836096	55	0	-
chr21	43835089	43835090	rs35940194	chr21:43834468-43836096	55	0	-
chr21	43835826	43835827	rs7278547	chr21:43834468-43836096	55	0	-
chr21	43836009	43836010	rs80054410	chr21:43834468-43836096	55	0	-
chr21	43836082	43836083	rs9976479	chr21:43834468-43836096	55	0	-
chr22	30267986	30267987	rs35799930	chr22:30267570-30268478	6	0	-
chr22	30362718	30362719	rs2412959	chr22:30362481-30362911	1	0	-
chr3	49456102	49456103	rs10708510	chr3:49456047-49456577	7	0	-
chr3	49500025	49500026	rs34137445	chr3:49498772-49500072	25	0	-
chr3	49577046	49577047	rs138171134	chr3:49576859-49578444	44	0	-
chr4	26085479	26085480	rs34185821	chr4:26085351-26086458	31	0	-
chr4	26085510	26085511	rs10517086	chr4:26085351-26086458	31	0	-
chr4	26088127	26088128	rs16878091	chr4:26088074-26088881	5	0	-
chr4	26128147	26128148	rs35844597	chr4:26127722-26128368	9	0	-
chr5	35811281	35811282	rs4869672	chr5:35810646-35811579	7	0	-
chr5	35833267	35833268	rs11953434	chr5:35833055-35833333	1	0	-
chr5	35883756	35883757	rs2194226	chr5:35883303-35883813	1	0	-
chr5	35883803	35883804	rs2194225	chr5:35883303-35883813	1	0	-
chr5	35884204	35884205	rs72350381	chr5:35884169-35884981	20	0	-
chr5	35926340	35926341	rs11948151	chr5:35926318-35926968	8	0	-
chr5	40486895	40486896	rs7720838	chr5:40486330-40487403	45	0	-
chr5	40487269	40487270	rs7725052	chr5:40486330-40487403	45	0	-
chr5	40490608	40490609	rs9283753	chr5:40490455-40491452	20	0	-
chr5	40490789	40490790	rs10440635	chr5:40490455-40491452	20	0	-
chr5	40522211	40522212	rs10941516	chr5:40522116-40522446	2	0	-
chr5	55444682	55444683	rs7731626	chr5:55444150-55444978	26	0	-
chr5	158839511	158839512	rs1422877	chr5:158839250-158839845	14	0	-
chr5	158839744	158839745	rs12651787	chr5:158839250-158839845	14	0	-
chr5	158846605	158846606	rs72802188	chr5:158846565-158847088	4	0	-
chr5	158849635	158849636	rs10155584	chr5:158849395-158849666	1	0	-
chr5	158852943	158852944	rs7714401	chr5:158852676-158852992	1	0	-
chr5	158853940	158853941	rs2012830	chr5:158853883-158853946	1	0	-
chr5	158856505	158856506	rs4921501	chr5:158856501-158856817	1	0	-
chr5	158856512	158856513	rs4921228	chr5:158856501-158856817	1	0	-
chr6	30694863	30694864	rs141552689	chr6:30687023-30695351	248	0	-
chr6	30737675	30737676	rs145665108	chr6:30736094-30737975	91	0	-
chr6	30745799	30745800	rs3129977	chr6:30745665-30746432	6	0	-
chr6	30758648	30758649	rs142151527	chr6:30758422-30759000	5	0	-
chr6	30760782	30760783	rs147381420	chr6:30760649-30760893	1	0	-
chr6	31798134	31798135	rs147487393	chr6:31797170-31800240	40	0	-
chr6	32411994	32411995	rs140024366	chr6:32406896-32414206	71	0	-
chr6	32601884	32601885	rs9272202	chr6:32601778-32602442	6	0	-
chr6	32601976	32601977	rs9272209	chr6:32601778-32602442	6	0	-
chr6	32602016	32602017	rs9272210	chr6:32601778-32602442	6	0	-
chr6	32602022	32602023	rs151051719	chr6:32601778-32602442	6	0	-
chr6	32602028	32602029	rs9272211	chr6:32601778-32602442	6	0	-
chr6	32602030	32602031	rs1690407	chr6:32601778-32602442	6	0	-
chr6	32603486	32603487	rs3104367	chr6:32603113-32603829	5	0	-
chr6	32603712	32603713	rs9272290	chr6:32603113-32603829	5	0	-
chr6	32604371	32604372	rs9272346	chr6:32604276-32604675	2	0	-
chr6	32604409	32604410	rs9272350	chr6:32604276-32604675	2	0	-
chr6	32604514	32604515	rs9272355	chr6:32604276-32604675	2	0	-
chr6	32604521	32604522	rs9272357	chr6:32604276-32604675	2	0	-
chr6	32604775	32604776	rs9272387	chr6:32604729-32611082	35	0	-
chr6	32604792	32604793	rs9272389	chr6:32604729-32611082	35	0	-
chr6	32604825	32604826	rs9272393	chr6:32604729-32611082	35	0	-
chr6	32604979	32604980	rs9272411	chr6:32604729-32611082	35	0	-
chr6	32605027	32605028	rs2882972	chr6:32604729-32611082	35	0	-
chr6	32605042	32605043	rs9272416	chr6:32604729-32611082	35	0	-
chr6	32605379	32605380	rs9272441	chr6:32604729-32611082	35	0	-
chr6	32605399	32605400	rs9272442	chr6:32604729-32611082	35	0	-
chr6	32605436	32605437	rs7751376	chr6:32604729-32611082	35	0	-
chr6	32605524	32605525	rs9272454	chr6:32604729-32611082	35	0	-
chr6	32605704	32605705	rs9272467	chr6:32604729-32611082	35	0	-
chr6	32605707	32605708	rs9272468	chr6:32604729-32611082	35	0	-
chr6	32605737	32605738	rs9272473	chr6:32604729-32611082	35	0	-
chr6	32605753	32605754	rs9272474	chr6:32604729-32611082	35	0	-
chr6	32605883	32605884	rs2187668	chr6:32604729-32611082	35	0	-
chr6	32605919	32605920	rs9272482	chr6:32604729-32611082	35	0	-
chr6	32605942	32605943	rs9272484	chr6:32604729-32611082	35	0	-
chr6	32606004	32606005	rs9272488	chr6:32604729-32611082	35	0	-
chr6	32606045	32606046	rs9272491	chr6:32604729-32611082	35	0	-
chr6	32606084	32606085	rs9272494	chr6:32604729-32611082	35	0	-
chr6	32606243	32606244	rs9272502	chr6:32604729-32611082	35	0	-
chr6	32606474	32606475	rs9272520	chr6:32604729-32611082	35	0	-
chr6	32606616	32606617	rs9272528	chr6:32604729-32611082	35	0	-
chr6	32607036	32607037	rs371723244	chr6:32604729-32611082	35	0	-
chr6	32607637	32607638	rs9272599	chr6:32604729-32611082	35	0	-
chr6	32608212	32608213	rs9272637	chr6:32604729-32611082	35	0	-
chr6	32608330	32608331	rs9272645	chr6:32604729-32611082	35	0	-
chr6	32625884	32625885	rs9273350	chr6:32624676-32630218	13	0	-
chr6	32625905	32625906	rs9273351	chr6:32624676-32630218	13	0	-
chr6	32625927	32625928	rs9273352	chr6:32624676-32630218	13	0	-
chr6	32625951	32625952	rs9273354	chr6:32624676-32630218	13	0	-
chr6	32625959	32625960	rs9273355	chr6:32624676-32630218	13	0	-
chr6	32626864	32626865	rs78556970	chr6:32624676-32630218	13	0	-
chr6	32628472	32628473	rs9273509	chr6:32624676-32630218	13	0	-
chr6	32628473	32628474	rs9273510	chr6:32624676-32630218	13	0	-
chr6	32629319	32629320	rs9273713	chr6:32624676-32630218	13	0	-
chr6	32629408	32629409	rs9273754	chr6:32624676-32630218	13	0	-
chr6	32633130	32633131	rs9274436	chr6:32632028-32634764	21	0	-
chr6	32633180	32633181	rs9274438	chr6:32632028-32634764	21	0	-
chr6	32633488	32633489	rs9274464	chr6:32632028-32634764	21	0	-
chr6	32633616	32633617	rs9274470	chr6:32632028-32634764	21	0	-
chr6	32633743	32633744	rs9274478	chr6:32632028-32634764	21	0	-
chr6	32633851	32633852	rs9274488	chr6:32632028-32634764	21	0	-
chr6	32634009	32634010	rs3830058	chr6:32632028-32634764	21	0	-
chr6	32634031	32634032	rs9274501	chr6:32632028-32634764	21	0	-
chr6	32634140	32634141	rs9274506	chr6:32632028-32634764	21	0	-
chr6	32634151	32634152	rs9274507	chr6:32632028-32634764	21	0	-
chr6	32634404	32634405	rs1049053	chr6:32632028-32634764	21	0	-
chr6	32635311	32635312	rs9274579	chr6:32635288-32635463	1	0	-
chr6	32635344	32635345	rs9274580	chr6:32635288-32635463	1	0	-
chr6	32635346	32635347	rs9274581	chr6:32635288-32635463	1	0	-
chr6	32635347	32635348	rs9274582	chr6:32635288-32635463	1	0	-
chr6	32635360	32635361	rs9274583	chr6:32635288-32635463	1	0	-
chr6	32635364	32635365	rs9274584	chr6:32635288-32635463	1	0	-
chr6	32635376	32635377	rs9274587	chr6:32635288-32635463	1	0	-
chr6	32635399	32635400	rs9274592	chr6:32635288-32635463	1	0	-
chr6	32635434	32635435	rs9274594	chr6:32635288-32635463	1	0	-
chr6	32635449	32635450	rs9274595	chr6:32635288-32635463	1	0	-
chr6	32635753	32635754	rs3828789	chr6:32635742-32636921	24	0	-
chr6	32635808	32635809	rs3828790	chr6:32635742-32636921	24	0	-
chr6	32635812	32635813	rs3828791	chr6:32635742-32636921	24	0	-
chr6	32636037	32636038	rs3828798	chr6:32635742-32636921	24	0	-
chr6	32636039	32636040	rs9274626	chr6:32635742-32636921	24	0	-
chr6	32636119	32636120	rs3828805	chr6:32635742-32636921	24	0	-
chr6	32636129	32636130	rs3828806	chr6:32635742-32636921	24	0	-
chr6	32636130	32636131	rs3828807	chr6:32635742-32636921	24	0	-
chr6	32636136	32636137	rs9274637	chr6:32635742-32636921	24	0	-
chr6	32636220	32636221	rs3828811	chr6:32635742-32636921	24	0	-
chr6	32636433	32636434	rs9274660	chr6:32635742-32636921	24	0	-
chr6	32636493	32636494	rs9274662	chr6:32635742-32636921	24	0	-
chr6	32636590	32636591	rs9274669	chr6:32635742-32636921	24	0	-
chr6	32636601	32636602	rs9274671	chr6:32635742-32636921	24	0	-
chr6	32636645	32636646	rs9274678	chr6:32635742-32636921	24	0	-
chr6	32636756	32636757	rs3134998	chr6:32635742-32636921	24	0	-
chr6	32636865	32636866	rs3134996	chr6:32635742-32636921	24	0	-
chr6	32637301	32637302	rs2395231	chr6:32637001-32637458	1	0	-
chr6	32637777	32637778	rs3134993	chr6:32637728-32638008	2	0	-
chr6	90941239	90941240	rs11757155	chr6:90940369-90941253	4	0	-
chr6	90983849	90983850	rs905671	chr6:90982978-90984033	1	0	-
chr6	126661153	126661154	rs9388486	chr6:126660814-126661917	70	0	-
chr6	126661857	126661858	rs9375435	chr6:126660814-126661917	70	0	-
chr6	126976615	126976616	rs6913430	chr6:126975978-126976688	1	0	-
chr6	170387740	170387741	rs1390309	chr6:170387522-170387786	1	0	-
chr7	26698193	26698194	rs212838	chr7:26697752-26698316	5	0	-
chr7	26729204	26729205	rs212856	chr7:26727865-26730188	34	0	-
chr7	26853469	26853470	rs3801831	chr7:26852960-26853500	2	0	-
chr7	50467766	50467767	rs61731355	chr7:50467711-50468341	1	0	-
chr7	50473289	50473290	rs6956014	chr7:50472961-50473365	1	0	-
chr7	50473750	50473751	rs6944602	chr7:50473691-50473785	1	0	-
chr9	4293149	4293150	rs10814916	chr9:4293129-4294103	30	0	-
chr9	4296429	4296430	rs10814917	chr9:4296190-4296784	1	0	-
chr9	117568765	117568766	rs6478109	chr9:117567760-117569049	20	0	-
chr9	117569045	117569046	rs7848647	chr9:117567760-117569049	20	0	-
