chr1	78846519	78846520	rs111564203_ldlink	chr1	78769568	79005434	ENSG00000122420	0
chr1	78848772	78848773	rs142216833_ldlink	chr1	78769568	79005434	ENSG00000122420	0
chr1	114426000	114426001	rs11102694_ldlink	chr1	114399257	114443859	ENSG00000226167	0
chr1	114426000	114426001	rs11102694_ldlink	chr1	114420790	114430169	ENSG00000188761	0
chr1	114429460	114429461	rs2358994_gwas	chr1	114399257	114443859	ENSG00000226167	0
chr1	114429460	114429461	rs2358994_gwas	chr1	114420790	114430169	ENSG00000188761	0
chr1	114429514	114429515	rs2358995_ldlink	chr1	114399257	114443859	ENSG00000226167	0
chr1	114429514	114429515	rs2358995_ldlink	chr1	114420790	114430169	ENSG00000188761	0
chr1	114431462	114431463	rs7547478_ldlink	chr1	114399257	114443859	ENSG00000226167	0
chr1	114445879	114445880	rs7513707_ldlink	chr1	114437370	114447823	ENSG00000134262	0
chr1	114448388	114448389	rs11552449_ldlink	chr1	114447763	114456708	ENSG00000118655	0
chr1	157668992	157668993	rs2210913_ldlink	chr1	157644111	157670647	ENSG00000160856	0
chr1	157669277	157669278	rs3761959_ldlink	chr1	157644111	157670647	ENSG00000160856	0
chr1	157670289	157670290	rs945635_ldlink	chr1	157644111	157670647	ENSG00000160856	0
chr1	157670815	157670816	rs7528684_gwas	chr1	157644111	157670647	ENSG00000160856	169
chr10	64434281	64434282	rs138012443_ldlink	chr10	64133951	64431771	ENSG00000138311	2511
chr10	64438485	64438486	rs10995271_ldlink	chr10	64133951	64431771	ENSG00000138311	6715
chr10	64438770	64438771	rs10822050_gwas	chr10	64133951	64431771	ENSG00000138311	7000
chr10	64441203	64441204	rs12766391_ldlink	chr10	64133951	64431771	ENSG00000138311	9433
chr10	90016795	90016796	rs737391_ldlink	chr10	90033621	90344287	ENSG00000184719	16826
chr10	90022398	90022399	rs9665166_ldlink	chr10	90033621	90344287	ENSG00000184719	11223
chr10	90023032	90023033	rs10509540_gwas	chr10	90033621	90344287	ENSG00000184719	10589
chr10	90030118	90030119	rs286487_ldlink	chr10	90033621	90344287	ENSG00000184719	3503
chr10	90031902	90031903	rs17110523_ldlink	chr10	90033621	90344287	ENSG00000184719	1719
chr10	90035653	90035654	rs12416116_gwas	chr10	90033621	90344287	ENSG00000184719	0
chr10	90036911	90036912	rs7094781_ldlink	chr10	90033621	90344287	ENSG00000184719	0
chr10	101291471	101291472	rs10883370_ldlink	chr10	101286107	101290934	ENSG00000257582	538
chr10	101291592	101291593	rs11190140_ldlink	chr10	101286107	101290934	ENSG00000257582	659
chr10	101292454	101292455	rs10883371_ldlink	chr10	101292690	101296278	ENSG00000119919	236
chr10	101292482	101292483	rs10883372_ldlink	chr10	101292690	101296278	ENSG00000119919	208
chr10	101292483	101292484	rs10883373_ldlink	chr10	101292690	101296278	ENSG00000119919	207
chr10	101293034	101293035	rs41290504_ldlink	chr10	101292690	101296278	ENSG00000119919	0
chr10	101293317	101293318	rs7908704_ldlink	chr10	101292690	101296278	ENSG00000119919	0
chr10	101293340	101293341	rs7893840_ldlink	chr10	101292690	101296278	ENSG00000119919	0
chr10	101298450	101298451	rs1332099_gwas	chr10	101292690	101296278	ENSG00000119919	2173
chr11	2169907	2169908	rs3741204_ldlink	chr11	2150342	2170833	ENSG00000167244	0
chr11	2169907	2169908	rs3741204_ldlink	chr11	2153768	2182439	ENSG00000129965	0
chr11	2170142	2170143	rs1004446_gwas	chr11	2150342	2170833	ENSG00000167244	0
chr11	2170142	2170143	rs1004446_gwas	chr11	2153768	2182439	ENSG00000129965	0
chr11	2180771	2180772	rs3842756_ldlink	chr11	2153768	2182439	ENSG00000129965	0
chr11	2180795	2180796	rs3842755_ldlink	chr11	2153768	2182439	ENSG00000129965	0
chr11	2181072	2181073	rs3842752_ldlink	chr11	2153768	2182439	ENSG00000129965	0
chr11	2181072	2181073	rs3842752_ldlink	chr11	2181009	2182571	ENSG00000254647	0
chr11	2184335	2184336	rs3842729_ldlink	chr11	2185159	2193107	ENSG00000180176	824
chr11	2197435	2197436	rs4929966_ldlink	chr11	2194293	2194368	ENSG00000265258	3068
chr11	2198664	2198665	rs72853903_gwas	chr11	2194293	2194368	ENSG00000265258	4297
chr12	9905850	9905851	rs917911_ldlink	chr12	9905082	9913497	ENSG00000110848	0
chr12	9910163	9910164	rs4763879_gwas	chr12	9905082	9913497	ENSG00000110848	0
chr12	56396767	56396768	rs1689510_gwas	chr12	56390964	56400425	ENSG00000139531	0
chr12	56401084	56401085	rs10876864_ldlink	chr12	56401443	56432219	ENSG00000123411	359
chr12	56403576	56403577	rs772921_ldlink	chr12	56401443	56432219	ENSG00000123411	0
chr12	56412486	56412487	rs1701704_gwas	chr12	56401443	56432219	ENSG00000123411	0
chr12	56416927	56416928	rs2456973_ldlink	chr12	56401443	56432219	ENSG00000123411	0
chr12	56427807	56427808	rs1702877_ldlink	chr12	56401443	56432219	ENSG00000123411	0
chr12	56427807	56427808	rs1702877_ldlink	chr12	56423433	56435590	ENSG00000257449	0
chr12	56435411	56435412	rs705704_ldlink	chr12	56423433	56435590	ENSG00000257449	0
chr12	56435928	56435929	rs1131017_ldlink	chr12	56435637	56438116	ENSG00000197728	0
chr12	56444631	56444632	rs34415530_ldlink	chr12	56435637	56438116	ENSG00000197728	6516
chr12	56445365	56445366	rs10876866_ldlink	chr12	56435637	56438116	ENSG00000197728	7250
chr12	56468705	56468706	rs7955865_ldlink	chr12	56473641	56497289	ENSG00000065361	4936
chr12	56470624	56470625	rs11171739_gwas	chr12	56473641	56497289	ENSG00000065361	3017
chr12	56473807	56473808	rs7297175_ldlink	chr12	56473641	56497289	ENSG00000065361	0
chr12	56474378	56474379	rs3741499_ldlink	chr12	56473641	56497289	ENSG00000065361	0
chr12	56474479	56474480	rs4759229_ldlink	chr12	56473641	56497289	ENSG00000065361	0
chr12	56477693	56477694	rs2271194_ldlink	chr12	56473641	56497289	ENSG00000065361	0
chr12	56478001	56478002	rs10876870_ldlink	chr12	56473641	56497289	ENSG00000065361	0
chr12	56480582	56480583	rs877636_ldlink	chr12	56473641	56497289	ENSG00000065361	0
chr12	56482179	56482180	rs2292239_gwas	chr12	56473641	56497289	ENSG00000065361	0
chr12	111904370	111904371	rs4766578_ldlink	chr12	111890018	112037480	ENSG00000204842	0
chr12	111907430	111907431	rs35350651_ldlink	chr12	111890018	112037480	ENSG00000204842	0
chr12	111910218	111910219	rs10774625_ldlink	chr12	111890018	112037480	ENSG00000204842	0
chr12	112486817	112486818	rs17696736_gwas	chr12	112464500	112546826	ENSG00000111300	0
chr13	76334817	76334818	rs7997101_ldlink	chr13	76123909	76381256	ENSG00000261553	0
chr13	76334817	76334818	rs7997101_ldlink	chr13	76194570	76434004	ENSG00000136153	0
chr15	38836776	38836777	rs56059718_ldlink	chr15	38780304	38857776	ENSG00000172575	0
chr15	38846341	38846342	rs35615287_ldlink	chr15	38780304	38857776	ENSG00000172575	0
chr15	38846346	38846347	rs36027443_ldlink	chr15	38780304	38857776	ENSG00000172575	0
chr15	38846677	38846678	rs7170151_ldlink	chr15	38780304	38857776	ENSG00000172575	0
chr15	38846737	38846738	rs4924273_ldlink	chr15	38780304	38857776	ENSG00000172575	0
chr15	38847021	38847022	rs72727394_gwas	chr15	38780304	38857776	ENSG00000172575	0
chr15	38847358	38847359	rs6495979_ldlink	chr15	38780304	38857776	ENSG00000172575	0
chr15	67464290	67464291	rs72743477_gwas	chr15	67356101	67487533	ENSG00000166949	0
chr15	79229958	79229959	rs60254670_ldlink	chr15	79213400	79241916	ENSG00000103811	0
chr15	79231477	79231478	rs12148472_ldlink	chr15	79213400	79241916	ENSG00000103811	0
chr15	79232318	79232319	rs11072815_ldlink	chr15	79213400	79241916	ENSG00000103811	0
chr15	79232329	79232330	rs11856301_ldlink	chr15	79213400	79241916	ENSG00000103811	0
chr15	79232699	79232700	rs28655102_ldlink	chr15	79213400	79241916	ENSG00000103811	0
chr15	79233224	79233225	rs10152587_ldlink	chr15	79213400	79241916	ENSG00000103811	0
chr15	79233254	79233255	rs10152589_ldlink	chr15	79213400	79241916	ENSG00000103811	0
chr15	79233625	79233626	rs4778716_ldlink	chr15	79213400	79241916	ENSG00000103811	0
chr15	79234122	79234123	rs4254288_ldlink	chr15	79213400	79241916	ENSG00000103811	0
chr15	79234267	79234268	rs2870085_ldlink	chr15	79213400	79241916	ENSG00000103811	0
chr15	79234377	79234378	rs10400877_ldlink	chr15	79213400	79241916	ENSG00000103811	0
chr15	79234383	79234384	rs10400881_ldlink	chr15	79213400	79241916	ENSG00000103811	0
chr15	79234469	79234470	rs34843303_ldlink	chr15	79213400	79241916	ENSG00000103811	0
chr15	79234863	79234864	rs11855406_ldlink	chr15	79213400	79241916	ENSG00000103811	0
chr15	79234956	79234957	rs34593439_gwas	chr15	79213400	79241916	ENSG00000103811	0
chr15	79235445	79235446	rs3825932_gwas	chr15	79213400	79241916	ENSG00000103811	0
chr15	79236814	79236815	rs11072817_ldlink	chr15	79213400	79241916	ENSG00000103811	0
chr15	79236932	79236933	rs11072818_ldlink	chr15	79213400	79241916	ENSG00000103811	0
chr15	79237246	79237247	rs1036938_ldlink	chr15	79213400	79241916	ENSG00000103811	0
chr15	79237292	79237293	rs2289702_ldlink	chr15	79213400	79241916	ENSG00000103811	0
chr16	11179872	11179873	rs12708716_gwas	chr16	11038345	11276046	ENSG00000038532	0
chr16	11238782	11238783	rs2903692_gwas	chr16	11038345	11276046	ENSG00000038532	0
chr16	11238990	11238991	rs4322688_ldlink	chr16	11038345	11276046	ENSG00000038532	0
chr16	11239598	11239599	rs12930373_ldlink	chr16	11038345	11276046	ENSG00000038532	0
chr16	11239977	11239978	rs12917893_ldlink	chr16	11038345	11276046	ENSG00000038532	0
chr16	11241805	11241806	rs62026379_ldlink	chr16	11038345	11276046	ENSG00000038532	0
chr16	11241905	11241906	rs17673553_ldlink	chr16	11038345	11276046	ENSG00000038532	0
chr16	11243454	11243455	rs34720006_ldlink	chr16	11038345	11276046	ENSG00000038532	0
chr16	11350964	11350965	rs193779_ldlink	chr16	11343476	11445619	ENSG00000175643	0
chr16	11351210	11351211	rs193778_gwas	chr16	11343476	11445619	ENSG00000175643	0
chr16	11355101	11355102	rs55870745_ldlink	chr16	11343476	11445619	ENSG00000175643	0
chr16	11355103	11355104	rs56350515_ldlink	chr16	11343476	11445619	ENSG00000175643	0
chr16	11355221	11355222	rs72771866_ldlink	chr16	11343476	11445619	ENSG00000175643	0
chr16	11362639	11362640	rs56069754_ldlink	chr16	11343476	11445619	ENSG00000175643	0
chr16	11362639	11362640	rs56069754_ldlink	chr16	11361605	11363390	ENSG00000178279	0
chr16	28340784	28340785	rs9922412_ldlink	chr16	28303840	28335170	ENSG00000188322	5615
chr16	28340944	28340945	rs12598357_gwas	chr16	28303840	28335170	ENSG00000188322	5775
chr16	28347139	28347140	rs2726036_ldlink	chr16	28353876	28374829	ENSG00000198156	6737
chr16	28347706	28347707	rs13333976_ldlink	chr16	28353876	28374829	ENSG00000198156	6170
chr16	28505659	28505660	rs151234_gwas	chr16	28477983	28506896	ENSG00000188603	0
chr16	28508068	28508069	rs151174_ldlink	chr16	28505970	28510291	ENSG00000184730	0
chr16	28517708	28517709	rs26528_ldlink	chr16	28510683	28523372	ENSG00000197272	0
chr16	28519095	28519096	rs153109_ldlink	chr16	28510683	28523372	ENSG00000197272	0
chr16	28523143	28523144	rs56354901_ldlink	chr16	28510683	28523372	ENSG00000197272	0
chr16	28524611	28524612	rs240707_ldlink	chr16	28510683	28523372	ENSG00000197272	1240
chr16	28526896	28526897	rs153106_ldlink	chr16	28510683	28523372	ENSG00000197272	3525
chr16	28527220	28527221	rs62034318_ldlink	chr16	28510683	28523372	ENSG00000197272	3849
chr16	28527325	28527326	rs79046494_ldlink	chr16	28510683	28523372	ENSG00000197272	3954
chr16	28529715	28529716	rs240705_ldlink	chr16	28510683	28523372	ENSG00000197272	6344
chr16	28529948	28529949	rs240704_ldlink	chr16	28510683	28523372	ENSG00000197272	6577
chr16	28531286	28531287	rs4787458_ldlink	chr16	28510683	28523372	ENSG00000197272	7915
chr16	28531352	28531353	rs240702_ldlink	chr16	28510683	28523372	ENSG00000197272	7981
chr16	28532187	28532188	rs62034319_ldlink	chr16	28510683	28523372	ENSG00000197272	8816
chr16	28533070	28533071	rs28698667_ldlink	chr16	28510683	28523372	ENSG00000197272	9699
chr16	28534037	28534038	rs62034321_ldlink	chr16	28510683	28523372	ENSG00000197272	10666
chr16	28535002	28535003	rs4788085_ldlink	chr16	28510683	28523372	ENSG00000197272	11631
chr16	28535304	28535305	rs28772958_ldlink	chr16	28510683	28523372	ENSG00000197272	11933
chr16	28535833	28535834	rs62034322_ldlink	chr16	28510683	28523372	ENSG00000197272	12462
chr16	28536472	28536473	rs62034323_ldlink	chr16	28548606	28550495	ENSG00000176046	12134
chr16	28537970	28537971	rs2106480_ldlink	chr16	28548606	28550495	ENSG00000176046	10636
chr16	28538639	28538640	rs62034325_ldlink	chr16	28548606	28550495	ENSG00000176046	9967
chr16	28539292	28539293	rs62034326_ldlink	chr16	28548606	28550495	ENSG00000176046	9314
chr16	28539385	28539386	rs189278832_ldlink	chr16	28548606	28550495	ENSG00000176046	9221
chr16	28539397	28539398	rs143626010_ldlink	chr16	28548606	28550495	ENSG00000176046	9209
chr16	28539847	28539848	rs4788084_gwas	chr16	28548606	28550495	ENSG00000176046	8759
chr16	28541393	28541394	rs8046271_ldlink	chr16	28548606	28550495	ENSG00000176046	7213
chr16	28542171	28542172	rs231977_ldlink	chr16	28548606	28550495	ENSG00000176046	6435
chr16	28543380	28543381	rs12446550_ldlink	chr16	28548606	28550495	ENSG00000176046	5226
chr16	28545448	28545449	rs4788083_ldlink	chr16	28548606	28550495	ENSG00000176046	3158
chr16	28545586	28545587	rs231976_ldlink	chr16	28548606	28550495	ENSG00000176046	3020
chr16	28550666	28550667	rs3785354_ldlink	chr16	28548606	28550495	ENSG00000176046	172
chr16	28554107	28554108	rs1074631_ldlink	chr16	28548606	28550495	ENSG00000176046	3613
chr16	28555399	28555400	rs4787457_ldlink	chr16	28559652	28559979	ENSG00000271495	4253
chr16	28556146	28556147	rs4788081_ldlink	chr16	28559652	28559979	ENSG00000271495	3506
chr16	28558080	28558081	rs4788080_ldlink	chr16	28559652	28559979	ENSG00000271495	1572
chr16	28559572	28559573	rs4787456_ldlink	chr16	28559652	28559979	ENSG00000271495	80
chr16	28559980	28559981	rs4788078_ldlink	chr16	28559652	28559979	ENSG00000271495	2
chr16	28562255	28562256	rs62034350_ldlink	chr16	28559652	28559979	ENSG00000271495	2277
chr16	28565488	28565489	rs62034351_ldlink	chr16	28565236	28603111	ENSG00000176476	0
chr16	28565952	28565953	rs7187604_ldlink	chr16	28565236	28603111	ENSG00000176476	0
chr16	28569763	28569764	rs4788077_ldlink	chr16	28565236	28603111	ENSG00000176476	0
chr16	28570004	28570005	rs4788076_ldlink	chr16	28565236	28603111	ENSG00000176476	0
chr16	28580684	28580685	rs56272201_ldlink	chr16	28565236	28603111	ENSG00000176476	0
chr16	28580828	28580829	rs56396270_ldlink	chr16	28565236	28603111	ENSG00000176476	0
chr16	28581037	28581038	rs62034355_ldlink	chr16	28565236	28603111	ENSG00000176476	0
chr16	28582940	28582941	rs12447461_ldlink	chr16	28565236	28603111	ENSG00000176476	0
chr16	28583361	28583362	rs112191041_ldlink	chr16	28565236	28603111	ENSG00000176476	0
chr16	28583864	28583865	rs11074911_ldlink	chr16	28565236	28603111	ENSG00000176476	0
chr16	28585635	28585636	rs56209193_ldlink	chr16	28565236	28603111	ENSG00000176476	0
chr16	28586126	28586127	rs7193402_ldlink	chr16	28565236	28603111	ENSG00000176476	0
chr16	28587388	28587389	rs7186573_ldlink	chr16	28565236	28603111	ENSG00000176476	0
chr16	28587596	28587597	rs62034358_ldlink	chr16	28565236	28603111	ENSG00000176476	0
chr16	28588048	28588049	rs12445823_ldlink	chr16	28565236	28603111	ENSG00000176476	0
chr16	28588394	28588395	rs12445744_ldlink	chr16	28565236	28603111	ENSG00000176476	0
chr16	28588442	28588443	rs12448429_ldlink	chr16	28565236	28603111	ENSG00000176476	0
chr16	28589454	28589455	rs4787455_ldlink	chr16	28565236	28603111	ENSG00000176476	0
chr16	28590029	28590030	rs7190771_ldlink	chr16	28565236	28603111	ENSG00000176476	0
chr16	28590861	28590862	rs112047757_ldlink	chr16	28565236	28603111	ENSG00000176476	0
chr16	28590988	28590989	rs112831778_ldlink	chr16	28565236	28603111	ENSG00000176476	0
chr16	28593346	28593347	rs17707300_ldlink	chr16	28565236	28603111	ENSG00000176476	0
chr16	28593596	28593597	rs4788074_ldlink	chr16	28565236	28603111	ENSG00000176476	0
chr16	28594548	28594549	rs4788073_ldlink	chr16	28565236	28603111	ENSG00000176476	0
chr16	28595699	28595700	rs17640009_ldlink	chr16	28565236	28603111	ENSG00000176476	0
chr16	28595809	28595810	rs75539558_ldlink	chr16	28565236	28603111	ENSG00000176476	0
chr16	28599410	28599411	rs55792032_ldlink	chr16	28565236	28603111	ENSG00000176476	0
chr16	28600090	28600091	rs62034359_ldlink	chr16	28565236	28603111	ENSG00000176476	0
chr16	28600200	28600201	rs112479807_ldlink	chr16	28565236	28603111	ENSG00000176476	0
chr16	28603167	28603168	rs2077031_ldlink	chr16	28565236	28603111	ENSG00000176476	57
chr16	28603334	28603335	rs762634_ldlink	chr16	28603264	28608430	ENSG00000197165	0
chr16	28603341	28603342	rs710410_ldlink	chr16	28603264	28608430	ENSG00000197165	0
chr16	28603654	28603655	rs1059491_ldlink	chr16	28603264	28608430	ENSG00000197165	0
chr16	28605914	28605915	rs62031560_ldlink	chr16	28603264	28608430	ENSG00000197165	0
chr16	28606159	28606160	rs113208333_ldlink	chr16	28603264	28608430	ENSG00000197165	0
chr16	28607069	28607070	rs4149406_ldlink	chr16	28603264	28608430	ENSG00000197165	0
chr16	28607231	28607232	rs1136703_ldlink	chr16	28603264	28608430	ENSG00000197165	0
chr16	28607531	28607532	rs4115668_ldlink	chr16	28603264	28608430	ENSG00000197165	0
chr16	28608229	28608230	rs743590_ldlink	chr16	28603264	28608430	ENSG00000197165	0
chr16	28608340	28608341	rs762633_ldlink	chr16	28603264	28608430	ENSG00000197165	0
chr16	28608745	28608746	rs35175818_ldlink	chr16	28603264	28608430	ENSG00000197165	316
chr16	28608937	28608938	rs4149398_ldlink	chr16	28603264	28608430	ENSG00000197165	508
chr16	28609328	28609329	rs62031562_ldlink	chr16	28603264	28608430	ENSG00000197165	899
chr16	75242849	75242850	rs9936550_ldlink	chr16	75237994	75241083	ENSG00000168928	1767
chr16	75243141	75243142	rs72802357_ldlink	chr16	75237994	75241083	ENSG00000168928	2059
chr16	75245002	75245003	rs9921586_ldlink	chr16	75237994	75241083	ENSG00000168928	3920
chr16	75246034	75246035	rs72802365_ldlink	chr16	75237994	75241083	ENSG00000168928	4952
chr16	75246884	75246885	rs9940370_ldlink	chr16	75237994	75241083	ENSG00000168928	5802
chr16	75247082	75247083	rs66535165_ldlink	chr16	75252898	75258822	ENSG00000168925	5816
chr16	75247166	75247167	rs67478528_ldlink	chr16	75252898	75258822	ENSG00000168925	5732
chr16	75247244	75247245	rs7202877_gwas	chr16	75252898	75258822	ENSG00000168925	5654
chr16	75247257	75247258	rs7195852_ldlink	chr16	75252898	75258822	ENSG00000168925	5641
chr16	75247336	75247337	rs11317724_ldlink	chr16	75252898	75258822	ENSG00000168925	5562
chr16	75247390	75247391	rs7202844_ldlink	chr16	75252898	75258822	ENSG00000168925	5508
chr16	75247409	75247410	rs7202858_ldlink	chr16	75252898	75258822	ENSG00000168925	5489
chr16	75247825	75247826	rs6564232_ldlink	chr16	75252898	75258822	ENSG00000168925	5073
chr16	75248281	75248282	rs6564233_ldlink	chr16	75252898	75258822	ENSG00000168925	4617
chr16	75248379	75248380	rs7197746_ldlink	chr16	75252898	75258822	ENSG00000168925	4519
chr16	75248569	75248570	rs60470336_ldlink	chr16	75252898	75258822	ENSG00000168925	4329
chr16	75248661	75248662	rs72802372_ldlink	chr16	75252898	75258822	ENSG00000168925	4237
chr16	75248760	75248761	rs66881382_ldlink	chr16	75252898	75258822	ENSG00000168925	4138
chr16	75248792	75248793	rs72802375_ldlink	chr16	75252898	75258822	ENSG00000168925	4106
chr16	75249169	75249170	rs111852127_ldlink	chr16	75252898	75258822	ENSG00000168925	3729
chr16	75249272	75249273	rs61634868_ldlink	chr16	75252898	75258822	ENSG00000168925	3626
chr16	75249312	75249313	rs59409959_ldlink	chr16	75252898	75258822	ENSG00000168925	3586
chr16	75249551	75249552	rs184458383_ldlink	chr16	75252898	75258822	ENSG00000168925	3347
chr16	75249686	75249687	rs6564234_ldlink	chr16	75252898	75258822	ENSG00000168925	3212
chr16	75249753	75249754	rs6564235_ldlink	chr16	75252898	75258822	ENSG00000168925	3145
chr16	75249890	75249891	rs6564236_ldlink	chr16	75252898	75258822	ENSG00000168925	3008
chr16	75249978	75249979	rs6564237_ldlink	chr16	75252898	75258822	ENSG00000168925	2920
chr16	75250716	75250717	rs2870463_ldlink	chr16	75252898	75258822	ENSG00000168925	2182
chr16	75250861	75250862	rs66473537_ldlink	chr16	75252898	75258822	ENSG00000168925	2037
chr16	75251550	75251551	rs147630228_ldlink	chr16	75252898	75258822	ENSG00000168925	1348
chr16	75251658	75251659	rs8052763_ldlink	chr16	75252898	75258822	ENSG00000168925	1240
chr16	75252102	75252103	rs8053595_ldlink	chr16	75252898	75258822	ENSG00000168925	796
chr16	75252160	75252161	rs8054218_ldlink	chr16	75252898	75258822	ENSG00000168925	738
chr16	75259217	75259218	rs13331385_ldlink	chr16	75252898	75258822	ENSG00000168925	396
chr16	75260328	75260329	rs28690217_ldlink	chr16	75259972	75262093	ENSG00000240338	0
chr17	38053206	38053207	rs12453507_gwas	chr17	38060848	38076107	ENSG00000073605	7642
chr17	38066239	38066240	rs2290400_gwas	chr17	38060848	38076107	ENSG00000073605	0
chr17	38066266	38066267	rs1008723_ldlink	chr17	38060848	38076107	ENSG00000073605	0
chr17	38066371	38066372	rs56380902_ldlink	chr17	38060848	38076107	ENSG00000073605	0
chr17	38765514	38765515	rs7223136_ldlink	chr17	38781214	38804760	ENSG00000073584	15700
chr17	38770285	38770286	rs7221109_gwas	chr17	38781214	38804760	ENSG00000073584	10929
chr17	38770640	38770641	rs11464691_ldlink	chr17	38781214	38804760	ENSG00000073584	10574
chr17	38774851	38774852	rs79074911_ldlink	chr17	38781214	38804760	ENSG00000073584	6363
chr17	38775149	38775150	rs757411_ldlink	chr17	38781214	38804760	ENSG00000073584	6065
chr17	38775475	38775476	rs9911533_ldlink	chr17	38781214	38804760	ENSG00000073584	5739
chr17	38778487	38778488	rs4890117_ldlink	chr17	38781214	38804760	ENSG00000073584	2727
chr17	38781177	38781178	rs1013971_ldlink	chr17	38781214	38804760	ENSG00000073584	37
chr17	38786450	38786451	rs4890092_ldlink	chr17	38781214	38804760	ENSG00000073584	0
chr17	38786450	38786451	rs4890092_ldlink	chr17	38785049	38821393	ENSG00000264058	0
chr17	38791074	38791075	rs9915135_ldlink	chr17	38781214	38804760	ENSG00000073584	0
chr17	38791074	38791075	rs9915135_ldlink	chr17	38785049	38821393	ENSG00000264058	0
chr17	38797201	38797202	rs1048573_ldlink	chr17	38781214	38804760	ENSG00000073584	0
chr17	38797201	38797202	rs1048573_ldlink	chr17	38785049	38821393	ENSG00000264058	0
chr17	38797241	38797242	rs1048572_ldlink	chr17	38781214	38804760	ENSG00000073584	0
chr17	38797241	38797242	rs1048572_ldlink	chr17	38785049	38821393	ENSG00000264058	0
chr17	38797408	38797409	rs9906785_ldlink	chr17	38781214	38804760	ENSG00000073584	0
chr17	38797408	38797409	rs9906785_ldlink	chr17	38785049	38821393	ENSG00000264058	0
chr18	12774325	12774326	rs2014857_ldlink	chr18	12774650	12775922	ENSG00000260302	325
chr18	12774893	12774894	rs888270_ldlink	chr18	12774650	12775922	ENSG00000260302	0
chr18	12775590	12775591	rs2847260_ldlink	chr18	12774650	12775922	ENSG00000260302	0
chr18	12775850	12775851	rs2542147_ldlink	chr18	12774650	12775922	ENSG00000260302	0
chr18	12777324	12777325	rs7237497_ldlink	chr18	12774650	12775922	ENSG00000260302	1403
chr18	12777572	12777573	rs2542148_ldlink	chr18	12774650	12775922	ENSG00000260302	1651
chr18	12777602	12777603	rs2847274_ldlink	chr18	12774650	12775922	ENSG00000260302	1681
chr18	12778714	12778715	rs2847278_ldlink	chr18	12774650	12775922	ENSG00000260302	2793
chr18	12779017	12779018	rs2542149_ldlink	chr18	12774650	12775922	ENSG00000260302	3096
chr18	12779341	12779342	rs2847280_ldlink	chr18	12774650	12775922	ENSG00000260302	3420
chr18	12779762	12779763	rs2542150_ldlink	chr18	12774650	12775922	ENSG00000260302	3841
chr18	12779946	12779947	rs2542151_gwas	chr18	12774650	12775922	ENSG00000260302	4025
chr18	12780455	12780456	rs9952749_ldlink	chr18	12774650	12775922	ENSG00000260302	4534
chr18	12780462	12780463	rs9952753_ldlink	chr18	12774650	12775922	ENSG00000260302	4541
chr18	12780463	12780464	rs9952991_ldlink	chr18	12774650	12775922	ENSG00000260302	4542
chr18	12782447	12782448	rs2847293_ldlink	chr18	12785477	12929642	ENSG00000175354	3030
chr18	12783085	12783086	rs34920518_ldlink	chr18	12785477	12929642	ENSG00000175354	2392
chr18	12792735	12792736	rs60474474_ldlink	chr18	12785477	12929642	ENSG00000175354	0
chr18	12792939	12792940	rs45450798_ldlink	chr18	12785477	12929642	ENSG00000175354	0
chr18	12795419	12795420	rs60751993_ldlink	chr18	12785477	12929642	ENSG00000175354	0
chr18	12795469	12795470	rs60735058_ldlink	chr18	12785477	12929642	ENSG00000175354	0
chr18	12808139	12808140	rs8096138_ldlink	chr18	12785477	12929642	ENSG00000175354	0
chr18	12808465	12808466	rs35153695_ldlink	chr18	12785477	12929642	ENSG00000175354	0
chr18	12809339	12809340	rs1893217_gwas	chr18	12785477	12929642	ENSG00000175354	0
chr18	67524355	67524356	rs1610554_ldlink	chr18	67498394	67629039	ENSG00000150637	0
chr18	67524382	67524383	rs4891780_ldlink	chr18	67498394	67629039	ENSG00000150637	0
chr18	67525285	67525286	rs1790961_ldlink	chr18	67498394	67629039	ENSG00000150637	0
chr18	67525856	67525857	rs3018275_ldlink	chr18	67498394	67629039	ENSG00000150637	0
chr18	67526025	67526026	rs1808094_ldlink	chr18	67498394	67629039	ENSG00000150637	0
chr18	67526643	67526644	rs1615504_gwas	chr18	67498394	67629039	ENSG00000150637	0
chr18	67526724	67526725	rs13381239_ldlink	chr18	67498394	67629039	ENSG00000150637	0
chr18	67527608	67527609	rs1788232_ldlink	chr18	67498394	67629039	ENSG00000150637	0
chr18	67527700	67527701	rs7244202_ldlink	chr18	67498394	67629039	ENSG00000150637	0
chr18	67529216	67529217	rs1469858_ldlink	chr18	67498394	67629039	ENSG00000150637	0
chr18	67529963	67529964	rs371095822_ldlink	chr18	67498394	67629039	ENSG00000150637	0
chr18	67530438	67530439	rs727088_ldlink	chr18	67498394	67629039	ENSG00000150637	0
chr18	67531641	67531642	rs763361_gwas	chr18	67498394	67629039	ENSG00000150637	0
chr18	67532291	67532292	rs1788105_ldlink	chr18	67498394	67629039	ENSG00000150637	0
chr18	67533399	67533400	rs1790932_ldlink	chr18	67498394	67629039	ENSG00000150637	0
chr18	67533960	67533961	rs1788229_ldlink	chr18	67498394	67629039	ENSG00000150637	0
chr19	10475651	10475652	rs2304256_gwas	chr19	10461209	10491352	ENSG00000105397	0
chr19	10477066	10477067	rs34725611_ldlink	chr19	10461209	10491352	ENSG00000105397	0
chr19	47205706	47205707	rs60652743_ldlink	chr19	47177532	47220384	ENSG00000105287	0
chr19	47208480	47208481	rs425105_gwas	chr19	47177532	47220384	ENSG00000105287	0
chr19	47219121	47219122	rs402072_ldlink	chr19	47177532	47220384	ENSG00000105287	0
chr19	47221556	47221557	rs313839_ldlink	chr19	47177532	47220384	ENSG00000105287	1173
chr19	47223948	47223949	rs313841_ldlink	chr19	47222764	47250251	ENSG00000090372	0
chr19	49206107	49206108	rs679574_ldlink	chr19	49199228	49209207	ENSG00000176920	0
chr19	49206144	49206145	rs516316_ldlink	chr19	49199228	49209207	ENSG00000176920	0
chr19	49206171	49206172	rs516246_gwas	chr19	49199228	49209207	ENSG00000176920	0
chr19	49206461	49206462	rs681343_ldlink	chr19	49199228	49209207	ENSG00000176920	0
chr19	49206602	49206603	rs281377_ldlink	chr19	49199228	49209207	ENSG00000176920	0
chr2	25301754	25301755	rs478222_gwas	chr2	25264999	25378243	ENSG00000084710	0
chr2	25305135	25305136	rs483428_ldlink	chr2	25264999	25378243	ENSG00000084710	0
chr2	25305755	25305756	rs1530016_ldlink	chr2	25264999	25378243	ENSG00000084710	0
chr2	25307004	25307005	rs530951_ldlink	chr2	25264999	25378243	ENSG00000084710	0
chr2	25309755	25309756	rs487617_ldlink	chr2	25264999	25378243	ENSG00000084710	0
chr2	25310154	25310155	rs512419_ldlink	chr2	25264999	25378243	ENSG00000084710	0
chr2	25310859	25310860	rs564667_ldlink	chr2	25264999	25378243	ENSG00000084710	0
chr2	25311536	25311537	rs546217_ldlink	chr2	25264999	25378243	ENSG00000084710	0
chr2	25314185	25314186	rs2918630_ldlink	chr2	25264999	25378243	ENSG00000084710	0
chr2	25315510	25315511	rs492393_ldlink	chr2	25264999	25378243	ENSG00000084710	0
chr2	25316335	25316336	rs2917916_ldlink	chr2	25264999	25378243	ENSG00000084710	0
chr2	25316583	25316584	rs522806_ldlink	chr2	25264999	25378243	ENSG00000084710	0
chr2	25318058	25318059	rs475868_ldlink	chr2	25264999	25378243	ENSG00000084710	0
chr2	25319470	25319471	rs510107_ldlink	chr2	25264999	25378243	ENSG00000084710	0
chr2	25332695	25332696	rs488817_ldlink	chr2	25264999	25378243	ENSG00000084710	0
chr2	25333734	25333735	rs519111_ldlink	chr2	25264999	25378243	ENSG00000084710	0
chr2	25334339	25334340	rs839652_ldlink	chr2	25264999	25378243	ENSG00000084710	0
chr2	25335088	25335089	rs497567_ldlink	chr2	25264999	25378243	ENSG00000084710	0
chr2	204731088	204731089	rs11571316_ldlink	chr2	204732509	204738683	ENSG00000163599	1421
chr2	204738918	204738919	rs3087243_gwas	chr2	204732509	204738683	ENSG00000163599	236
chr2	204742933	204742934	rs11571302_ldlink	chr2	204732509	204738683	ENSG00000163599	4251
chr2	204743408	204743409	rs7565213_ldlink	chr2	204732509	204738683	ENSG00000163599	4726
chr2	204745002	204745003	rs11571297_ldlink	chr2	204732509	204738683	ENSG00000163599	6320
chr2	234170323	234170324	rs140643155_ldlink	chr2	234118697	234204320	ENSG00000085978	0
chr2	234170325	234170326	rs55926010_ldlink	chr2	234118697	234204320	ENSG00000085978	0
chr2	234170368	234170369	rs13391356_ldlink	chr2	234118697	234204320	ENSG00000085978	0
chr2	234172187	234172188	rs12162308_ldlink	chr2	234118697	234204320	ENSG00000085978	0
chr2	234172845	234172846	rs6708373_ldlink	chr2	234118697	234204320	ENSG00000085978	0
chr2	234172914	234172915	rs10165561_ldlink	chr2	234118697	234204320	ENSG00000085978	0
chr2	234173502	234173503	rs12994997_ldlink	chr2	234118697	234204320	ENSG00000085978	0
chr2	234175705	234175706	rs13009506_ldlink	chr2	234118697	234204320	ENSG00000085978	0
chr2	234176608	234176609	rs3792112_ldlink	chr2	234118697	234204320	ENSG00000085978	0
chr2	234179689	234179690	rs3792111_ldlink	chr2	234118697	234204320	ENSG00000085978	0
chr2	234180409	234180410	rs3828309_ldlink	chr2	234118697	234204320	ENSG00000085978	0
chr2	234181847	234181848	rs2289474_ldlink	chr2	234118697	234204320	ENSG00000085978	0
chr2	234182239	234182240	rs2289472_ldlink	chr2	234118697	234204320	ENSG00000085978	0
chr2	234183367	234183368	rs2241880_ldlink	chr2	234118697	234204320	ENSG00000085978	0
chr2	234183467	234183468	rs2241879_ldlink	chr2	234118697	234204320	ENSG00000085978	0
chr2	234183717	234183718	rs2241878_ldlink	chr2	234118697	234204320	ENSG00000085978	0
chr2	234184416	234184417	rs3792109_ldlink	chr2	234118697	234204320	ENSG00000085978	0
chr2	234184416	234184417	rs3792109_ldlink	chr2	234184373	234184648	ENSG00000252010	0
chr2	234184951	234184952	rs3792108_ldlink	chr2	234118697	234204320	ENSG00000085978	0
chr2	234185266	234185267	rs36001488_gwas	chr2	234118697	234204320	ENSG00000085978	0
chr2	234185998	234185999	rs3816234_ldlink	chr2	234118697	234204320	ENSG00000085978	0
chr2	234192615	234192616	rs10196794_ldlink	chr2	234118697	234204320	ENSG00000085978	0
chr2	234203596	234203597	rs1045100_ldlink	chr2	234118697	234204320	ENSG00000085978	0
chr2	234206473	234206474	rs10187822_ldlink	chr2	234118697	234204320	ENSG00000085978	2154
chr2	234206503	234206504	rs10195395_ldlink	chr2	234118697	234204320	ENSG00000085978	2184
chr2	234206609	234206610	rs10178603_ldlink	chr2	234118697	234204320	ENSG00000085978	2290
chr2	234206749	234206750	rs10192702_ldlink	chr2	234118697	234204320	ENSG00000085978	2430
chr2	234206798	234206799	rs7559194_ldlink	chr2	234118697	234204320	ENSG00000085978	2479
chr20	1610550	1610551	rs2281808_gwas	chr20	1609798	1638425	ENSG00000089012	0
chr20	1610938	1610939	rs3746722_ldlink	chr20	1609798	1638425	ENSG00000089012	0
chr20	1615660	1615661	rs6110697_ldlink	chr20	1609798	1638425	ENSG00000089012	0
chr20	1615660	1615661	rs6110697_ldlink	chr20	1614154	1629118	ENSG00000237914	0
chr20	1616205	1616206	rs6043409_gwas	chr20	1609798	1638425	ENSG00000089012	0
chr20	1616205	1616206	rs6043409_gwas	chr20	1614154	1629118	ENSG00000237914	0
chr22	30447304	30447305	rs193471_ldlink	chr22	30404731	30476469	ENSG00000227117	0
chr22	30449093	30449094	rs193474_ldlink	chr22	30404731	30476469	ENSG00000227117	0
chr22	30450491	30450492	rs193475_ldlink	chr22	30404731	30476469	ENSG00000227117	0
chr22	30450520	30450521	rs193476_ldlink	chr22	30404731	30476469	ENSG00000227117	0
chr22	30460433	30460434	rs5763751_ldlink	chr22	30404731	30476469	ENSG00000227117	0
chr22	30472253	30472254	rs1989870_ldlink	chr22	30404731	30476469	ENSG00000227117	0
chr22	30472747	30472748	rs5753008_ldlink	chr22	30404731	30476469	ENSG00000227117	0
chr22	30503006	30503007	rs5763775_ldlink	chr22	30476163	30573064	ENSG00000176635	0
chr22	30507357	30507358	rs7287570_ldlink	chr22	30476163	30573064	ENSG00000176635	0
chr22	30519413	30519414	rs4823076_ldlink	chr22	30476163	30573064	ENSG00000176635	0
chr22	30519824	30519825	rs2412972_ldlink	chr22	30476163	30573064	ENSG00000176635	0
chr22	30522412	30522413	rs5763790_ldlink	chr22	30476163	30573064	ENSG00000176635	0
chr22	30530124	30530125	rs5763797_ldlink	chr22	30476163	30573064	ENSG00000176635	0
chr22	30531090	30531091	rs4820830_gwas	chr22	30476163	30573064	ENSG00000176635	0
chr22	30533064	30533065	rs2899147_ldlink	chr22	30476163	30573064	ENSG00000176635	0
chr22	30533064	30533065	rs2899147_ldlink	chr22	30532662	30533670	ENSG00000225971	0
chr22	30542156	30542157	rs5753025_ldlink	chr22	30476163	30573064	ENSG00000176635	0
chr22	30544515	30544516	rs1468176_ldlink	chr22	30476163	30573064	ENSG00000176635	0
chr22	30552510	30552511	rs4336042_ldlink	chr22	30476163	30573064	ENSG00000176635	0
chr22	30567906	30567907	rs2412976_ldlink	chr22	30476163	30573064	ENSG00000176635	0
chr22	30568737	30568738	rs5763842_ldlink	chr22	30476163	30573064	ENSG00000176635	0
chr22	30573551	30573552	rs1548389_ldlink	chr22	30476163	30573064	ENSG00000176635	488
chr22	30581721	30581722	rs5753037_gwas	chr22	30580633	30603098	ENSG00000225676	0
chr22	37583731	37583732	rs5845323_ldlink	chr22	37576207	37595425	ENSG00000133466	0
chr22	37585735	37585736	rs229531_ldlink	chr22	37576207	37595425	ENSG00000133466	0
chr22	37586671	37586672	rs2858483_ldlink	chr22	37576207	37595425	ENSG00000133466	0
chr22	37586675	37586676	rs2858484_ldlink	chr22	37576207	37595425	ENSG00000133466	0
chr22	37587110	37587111	rs229533_gwas	chr22	37576207	37595425	ENSG00000133466	0
chr22	37589868	37589869	rs229536_ldlink	chr22	37576207	37595425	ENSG00000133466	0
chr22	37591289	37591290	rs229540_ldlink	chr22	37576207	37595425	ENSG00000133466	0
chr22	37591317	37591318	rs229541_gwas	chr22	37576207	37595425	ENSG00000133466	0
chr22	37592105	37592106	rs229542_ldlink	chr22	37576207	37595425	ENSG00000133466	0
chr22	37592503	37592504	rs64547_ldlink	chr22	37576207	37595425	ENSG00000133466	0
chr22	37593079	37593080	rs229544_ldlink	chr22	37576207	37595425	ENSG00000133466	0
chr22	37599064	37599065	rs229562_ldlink	chr22	37600278	37608362	ENSG00000183473	1214
chr3	49389841	49389842	rs17080528_ldlink	chr3	49394609	49396033	ENSG00000233276	4768
chr3	49391081	49391082	rs13090388_ldlink	chr3	49394609	49396033	ENSG00000233276	3528
chr3	49391239	49391240	rs11711536_ldlink	chr3	49394609	49396033	ENSG00000233276	3370
chr3	49394833	49394834	rs1050450_ldlink	chr3	49394609	49396033	ENSG00000233276	0
chr3	49395756	49395757	rs1800668_ldlink	chr3	49394609	49396033	ENSG00000233276	0
chr3	49396359	49396360	rs3811699_ldlink	chr3	49396578	49450431	ENSG00000067560	219
chr3	49399258	49399259	rs1987628_ldlink	chr3	49396578	49450431	ENSG00000067560	0
chr3	49405163	49405164	rs67485053_ldlink	chr3	49396578	49450431	ENSG00000067560	0
chr3	49407659	49407660	rs34588335_ldlink	chr3	49396578	49450431	ENSG00000067560	0
chr3	49408973	49408974	rs13087851_ldlink	chr3	49396578	49450431	ENSG00000067560	0
chr3	49412558	49412559	rs6809216_ldlink	chr3	49396578	49450431	ENSG00000067560	0
chr3	49414790	49414791	rs7623659_ldlink	chr3	49396578	49450431	ENSG00000067560	0
chr3	49416824	49416825	rs7648841_ldlink	chr3	49396578	49450431	ENSG00000067560	0
chr3	49417242	49417243	rs6446264_ldlink	chr3	49396578	49450431	ENSG00000067560	0
chr3	49423273	49423274	rs35169793_ldlink	chr3	49396578	49450431	ENSG00000067560	0
chr3	49424282	49424283	rs6793308_ldlink	chr3	49396578	49450431	ENSG00000067560	0
chr3	49427318	49427319	rs111903592_ldlink	chr3	49396578	49450431	ENSG00000067560	0
chr3	49431852	49431853	rs11716974_ldlink	chr3	49396578	49450431	ENSG00000067560	0
chr3	49432525	49432526	rs71627385_ldlink	chr3	49396578	49450431	ENSG00000067560	0
chr3	49434653	49434654	rs9878943_ldlink	chr3	49396578	49450431	ENSG00000067560	0
chr3	49438220	49438221	rs9871380_ldlink	chr3	49396578	49450431	ENSG00000067560	0
chr3	49441090	49441091	rs11706370_ldlink	chr3	49396578	49450431	ENSG00000067560	0
chr3	49450448	49450449	rs6779524_ldlink	chr3	49449639	49453908	ENSG00000145022	0
chr3	49453833	49453834	rs6997_ldlink	chr3	49449639	49453908	ENSG00000145022	0
chr3	49454111	49454112	rs9814873_ldlink	chr3	49454211	49460186	ENSG00000145020	100
chr3	49454276	49454277	rs10640_ldlink	chr3	49454211	49460186	ENSG00000145020	0
chr3	49455329	49455330	rs11715915_ldlink	chr3	49454211	49460186	ENSG00000145020	0
chr3	49455985	49455986	rs9859556_ldlink	chr3	49454211	49460186	ENSG00000145020	0
chr3	49456100	49456101	rs35024166_ldlink	chr3	49454211	49460186	ENSG00000145020	0
chr3	49458354	49458355	rs11922013_ldlink	chr3	49454211	49460186	ENSG00000145020	0
chr3	49463286	49463287	rs6446272_ldlink	chr3	49460379	49466759	ENSG00000145029	0
chr3	49470667	49470668	rs7646366_ldlink	chr3	49460379	49466759	ENSG00000145029	3909
chr3	49473076	49473077	rs6446277_ldlink	chr3	49460379	49466759	ENSG00000145029	6318
chr3	49475154	49475155	rs35115732_ldlink	chr3	49460379	49466759	ENSG00000145029	8396
chr3	49477465	49477466	rs13079643_ldlink	chr3	49460379	49466759	ENSG00000145029	10707
chr3	49487486	49487487	rs71324962_ldlink	chr3	49504548	49504661	ENSG00000201301	17062
chr3	49492480	49492481	rs9841110_ldlink	chr3	49504548	49504661	ENSG00000201301	12068
chr3	49493150	49493151	rs67216675_ldlink	chr3	49504548	49504661	ENSG00000201301	11398
chr3	49504094	49504095	rs6767355_ldlink	chr3	49504548	49504661	ENSG00000201301	454
chr3	49512587	49512588	rs9853683_ldlink	chr3	49506146	49573048	ENSG00000173402	0
chr3	49513909	49513910	rs12330269_ldlink	chr3	49506146	49573048	ENSG00000173402	0
chr3	49514763	49514764	rs9827021_ldlink	chr3	49506146	49573048	ENSG00000173402	0
chr3	49522542	49522543	rs7630869_ldlink	chr3	49506146	49573048	ENSG00000173402	0
chr3	49525095	49525096	rs9818590_ldlink	chr3	49506146	49573048	ENSG00000173402	0
chr3	49525957	49525958	rs11719996_ldlink	chr3	49506146	49573048	ENSG00000173402	0
chr3	49529481	49529482	rs9850072_ldlink	chr3	49506146	49573048	ENSG00000173402	0
chr3	49537711	49537712	rs34363169_ldlink	chr3	49506146	49573048	ENSG00000173402	0
chr3	49537838	49537839	rs35261698_ldlink	chr3	49506146	49573048	ENSG00000173402	0
chr3	49538931	49538932	rs6766131_ldlink	chr3	49506146	49573048	ENSG00000173402	0
chr3	49539221	49539222	rs6797664_ldlink	chr3	49506146	49573048	ENSG00000173402	0
chr3	49539400	49539401	rs6766581_ldlink	chr3	49506146	49573048	ENSG00000173402	0
chr3	49540113	49540114	rs11708955_ldlink	chr3	49506146	49573048	ENSG00000173402	0
chr3	49540151	49540152	rs11712569_ldlink	chr3	49506146	49573048	ENSG00000173402	0
chr3	49542272	49542273	rs10212296_ldlink	chr3	49506146	49573048	ENSG00000173402	0
chr3	49543287	49543288	rs9858418_ldlink	chr3	49506146	49573048	ENSG00000173402	0
chr3	49543655	49543656	rs9821311_ldlink	chr3	49506146	49573048	ENSG00000173402	0
chr3	49547560	49547561	rs7622302_ldlink	chr3	49506146	49573048	ENSG00000173402	0
chr3	49555962	49555963	rs7633271_ldlink	chr3	49506146	49573048	ENSG00000173402	0
chr3	49558715	49558716	rs3926569_ldlink	chr3	49506146	49573048	ENSG00000173402	0
chr3	49563455	49563456	rs34196454_ldlink	chr3	49506146	49573048	ENSG00000173402	0
chr3	49570199	49570200	rs1801143_ldlink	chr3	49506146	49573048	ENSG00000173402	0
chr3	49572139	49572140	rs4625_gwas	chr3	49506146	49573048	ENSG00000173402	0
chr3	49574807	49574808	rs13079082_ldlink	chr3	49506146	49573048	ENSG00000173402	1760
chr3	49575366	49575367	rs11130203_ldlink	chr3	49506146	49573048	ENSG00000173402	2319
chr3	49579016	49579017	rs34293138_ldlink	chr3	49506146	49573048	ENSG00000173402	5969
chr3	49590769	49590770	rs3811697_ldlink	chr3	49586739	49591799	ENSG00000226913	0
chr3	49597012	49597013	rs9837027_ldlink	chr3	49591922	49708978	ENSG00000164061	0
chr3	49597229	49597230	rs35999162_ldlink	chr3	49591922	49708978	ENSG00000164061	0
chr3	49597736	49597737	rs9858280_ldlink	chr3	49591922	49708978	ENSG00000164061	0
chr3	49603288	49603289	rs11926781_ldlink	chr3	49591922	49708978	ENSG00000164061	0
chr3	49610222	49610223	rs34427167_ldlink	chr3	49591922	49708978	ENSG00000164061	0
chr3	49611456	49611457	rs11713474_ldlink	chr3	49591922	49708978	ENSG00000164061	0
chr3	49611659	49611660	rs33999608_ldlink	chr3	49591922	49708978	ENSG00000164061	0
chr3	49619650	49619651	rs71324979_ldlink	chr3	49591922	49708978	ENSG00000164061	0
chr3	49624376	49624377	rs9811982_ldlink	chr3	49591922	49708978	ENSG00000164061	0
chr3	49634695	49634696	rs9875617_ldlink	chr3	49591922	49708978	ENSG00000164061	0
chr3	49635353	49635354	rs11720597_ldlink	chr3	49591922	49708978	ENSG00000164061	0
chr5	131811181	131811182	rs11741255_gwas	chr5	131746328	131811736	ENSG00000197536	0
chr6	30075612	30075613	rs2023473_ldlink	chr6	30070674	30080883	ENSG00000204616	0
chr6	30075612	30075613	rs2023473_ldlink	chr6	30073017	30082501	ENSG00000231226	0
chr6	30078274	30078275	rs2523989_gwas	chr6	30070674	30080883	ENSG00000204616	0
chr6	30078274	30078275	rs2523989_gwas	chr6	30073017	30082501	ENSG00000231226	0
chr6	30078329	30078330	rs2239529_ldlink	chr6	30070674	30080883	ENSG00000204616	0
chr6	30078329	30078330	rs2239529_ldlink	chr6	30073017	30082501	ENSG00000231226	0
chr6	30078887	30078888	rs2427749_ldlink	chr6	30070674	30080883	ENSG00000204616	0
chr6	30078887	30078888	rs2427749_ldlink	chr6	30073017	30082501	ENSG00000231226	0
chr6	30079128	30079129	rs2523988_ldlink	chr6	30070674	30080883	ENSG00000204616	0
chr6	30079128	30079129	rs2523988_ldlink	chr6	30073017	30082501	ENSG00000231226	0
chr6	30079306	30079307	rs2249099_ldlink	chr6	30070674	30080883	ENSG00000204616	0
chr6	30079306	30079307	rs2249099_ldlink	chr6	30073017	30082501	ENSG00000231226	0
chr6	30079992	30079993	rs2523987_ldlink	chr6	30070674	30080883	ENSG00000204616	0
chr6	30079992	30079993	rs2523987_ldlink	chr6	30073017	30082501	ENSG00000231226	0
chr6	30080273	30080274	rs2517598_ldlink	chr6	30070674	30080883	ENSG00000204616	0
chr6	30080273	30080274	rs2517598_ldlink	chr6	30073017	30082501	ENSG00000231226	0
chr6	30081188	30081189	rs2517597_ldlink	chr6	30073017	30082501	ENSG00000231226	0
chr6	30081245	30081246	rs2523986_ldlink	chr6	30073017	30082501	ENSG00000231226	0
chr6	30081333	30081334	rs2523985_ldlink	chr6	30073017	30082501	ENSG00000231226	0
chr6	30082002	30082003	rs2523984_ldlink	chr6	30073017	30082501	ENSG00000231226	0
chr6	30082687	30082688	rs2245420_ldlink	chr6	30073017	30082501	ENSG00000231226	187
chr6	30083514	30083515	rs2523979_ldlink	chr6	30073017	30082501	ENSG00000231226	1014
chr6	30083707	30083708	rs2523978_ldlink	chr6	30073017	30082501	ENSG00000231226	1207
chr6	30083854	30083855	rs2517596_ldlink	chr6	30073017	30082501	ENSG00000231226	1354
chr6	30084504	30084505	rs2523977_ldlink	chr6	30073017	30082501	ENSG00000231226	2004
chr6	30084548	30084549	rs2517595_ldlink	chr6	30073017	30082501	ENSG00000231226	2048
chr6	30084695	30084696	rs2523976_ldlink	chr6	30073017	30082501	ENSG00000231226	2195
chr6	30088742	30088743	rs2844791_ldlink	chr6	30073017	30082501	ENSG00000231226	6242
chr6	30094112	30094113	rs2844790_ldlink	chr6	30100582	30100743	ENSG00000252228	6470
chr6	30103359	30103360	rs1541269_ldlink	chr6	30103885	30116512	ENSG00000204614	526
chr6	30112794	30112795	rs2844789_ldlink	chr6	30103885	30116512	ENSG00000204614	0
chr6	30125542	30125543	rs1970_ldlink	chr6	30119722	30128711	ENSG00000204613	0
chr6	30127804	30127805	rs1573296_ldlink	chr6	30119722	30128711	ENSG00000204613	0
chr6	30128948	30128949	rs2157678_ldlink	chr6	30119722	30128711	ENSG00000204613	238
chr6	30769272	30769273	rs1264373_ldlink	chr6	30766431	30798436	ENSG00000214894	0
chr6	30777497	30777498	rs1264361_ldlink	chr6	30766431	30798436	ENSG00000214894	0
chr6	30781300	30781301	rs886425_ldlink	chr6	30766431	30798436	ENSG00000214894	0
chr6	30782001	30782002	rs886424_gwas	chr6	30766431	30798436	ENSG00000214894	0
chr6	30782204	30782205	rs886423_ldlink	chr6	30766431	30798436	ENSG00000214894	0
chr6	30783578	30783579	rs1264357_ldlink	chr6	30766431	30798436	ENSG00000214894	0
chr6	30784067	30784068	rs1264356_ldlink	chr6	30766431	30798436	ENSG00000214894	0
chr6	30784192	30784193	rs1264355_ldlink	chr6	30766431	30798436	ENSG00000214894	0
chr6	30787761	30787762	rs1264353_ldlink	chr6	30766431	30798436	ENSG00000214894	0
chr6	30789646	30789647	rs1264352_ldlink	chr6	30766431	30798436	ENSG00000214894	0
chr6	30792116	30792117	rs1264351_ldlink	chr6	30766431	30798436	ENSG00000214894	0
chr6	30796658	30796659	rs1264349_ldlink	chr6	30766431	30798436	ENSG00000214894	0
chr6	31364706	31364707	rs2251396_gwas	chr6	31362066	31363272	ENSG00000272221	1435
chr6	31562763	31562764	rs3130632_ldlink	chr6	31556672	31560762	ENSG00000204475	2002
chr6	31568468	31568469	rs2857595_gwas	chr6	31556672	31560762	ENSG00000204475	7707
chr6	31892483	31892484	rs497309_ldlink	chr6	31865562	31913449	ENSG00000166278	0
chr6	31909940	31909941	rs1265905_ldlink	chr6	31865562	31913449	ENSG00000166278	0
chr6	31909940	31909941	rs1265905_ldlink	chr6	31895475	31919861	ENSG00000243649	0
chr6	31909940	31909941	rs1265905_ldlink	chr6	31895475	31919825	ENSG00000244255	0
chr6	31918859	31918860	rs1270942_gwas	chr6	31895475	31919861	ENSG00000243649	0
chr6	31918859	31918860	rs1270942_gwas	chr6	31895475	31919825	ENSG00000244255	0
chr6	31940896	31940897	rs389884_ldlink	chr6	31938868	31950598	ENSG00000204344	0
chr6	32019945	32019946	rs367364_ldlink	chr6	32008931	32083111	ENSG00000168477	0
chr6	32025554	32025555	rs394439_ldlink	chr6	32008931	32083111	ENSG00000168477	0
chr6	32025862	32025863	rs369637_ldlink	chr6	32008931	32083111	ENSG00000168477	0
chr6	32029204	32029205	rs1150757_ldlink	chr6	32008931	32083111	ENSG00000168477	0
chr6	32033615	32033616	rs1265889_ldlink	chr6	32008931	32083111	ENSG00000168477	0
chr6	32035693	32035694	rs1150756_ldlink	chr6	32008931	32083111	ENSG00000168477	0
chr6	32038549	32038550	rs1150755_ldlink	chr6	32008931	32083111	ENSG00000168477	0
chr6	32050757	32050758	rs1150754_ldlink	chr6	32008931	32083111	ENSG00000168477	0
chr6	32059866	32059867	rs1150753_ldlink	chr6	32008931	32083111	ENSG00000168477	0
chr6	32066446	32066447	rs1265888_ldlink	chr6	32008931	32083111	ENSG00000168477	0
chr6	32066446	32066447	rs1265888_ldlink	chr6	32065953	32096030	ENSG00000213676	0
chr6	32096000	32096001	rs3130288_ldlink	chr6	32065953	32096030	ENSG00000213676	0
chr6	32107850	32107851	rs3134962_ldlink	chr6	32116136	32122150	ENSG00000204314	8286
chr6	32131971	32131972	rs3132941_ldlink	chr6	32121218	32134011	ENSG00000221988	0
chr6	32131971	32131972	rs3132941_ldlink	chr6	32121622	32139755	ENSG00000258388	0
chr6	32168770	32168771	rs3134942_ldlink	chr6	32162620	32191844	ENSG00000204301	0
chr6	32172992	32172993	rs3131296_ldlink	chr6	32162620	32191844	ENSG00000204301	0
chr6	32343235	32343236	rs2894251_ldlink	chr6	32256303	32339684	ENSG00000204296	3552
chr6	32343338	32343339	rs2395151_ldlink	chr6	32256303	32339684	ENSG00000204296	3655
chr6	32345688	32345689	rs2894254_ldlink	chr6	32256303	32339684	ENSG00000204296	6005
chr6	32346462	32346463	rs150353632_ldlink	chr6	32256303	32339684	ENSG00000204296	6779
chr6	32349556	32349557	rs3117103_ldlink	chr6	32358287	32361463	ENSG00000228962	8731
chr6	32358200	32358201	rs3129950_ldlink	chr6	32358287	32361463	ENSG00000228962	87
chr6	32358688	32358689	rs3117097_ldlink	chr6	32358287	32361463	ENSG00000228962	0
chr6	32361820	32361821	rs3129953_ldlink	chr6	32361740	32374905	ENSG00000204290	0
chr6	32363214	32363215	rs1980493_gwas	chr6	32361740	32374905	ENSG00000204290	0
chr6	32368461	32368462	rs3129956_ldlink	chr6	32361740	32374905	ENSG00000204290	0
chr6	32374594	32374595	rs2395158_ldlink	chr6	32361740	32374905	ENSG00000204290	0
chr6	32375795	32375796	rs3129959_ldlink	chr6	32361740	32374905	ENSG00000204290	891
chr6	32377823	32377824	rs7773668_ldlink	chr6	32361740	32374905	ENSG00000204290	2919
chr6	32380207	32380208	rs3129963_ldlink	chr6	32361740	32374905	ENSG00000204290	5303
chr6	32380829	32380830	rs3129965_ldlink	chr6	32361740	32374905	ENSG00000204290	5925
chr6	32381279	32381280	rs3129966_ldlink	chr6	32361740	32374905	ENSG00000204290	6375
chr6	32381851	32381852	rs371707645_ldlink	chr6	32361740	32374905	ENSG00000204290	6947
chr6	32384499	32384500	rs2227138_ldlink	chr6	32361740	32374905	ENSG00000204290	9595
chr6	32387431	32387432	rs2395160_ldlink	chr6	32361740	32374905	ENSG00000204290	12527
chr6	32390903	32390904	rs9268568_ldlink	chr6	32361740	32374905	ENSG00000204290	15999
chr6	32392660	32392661	rs2157332_ldlink	chr6	32407619	32412823	ENSG00000204287	14959
chr6	32395567	32395568	rs2187818_ldlink	chr6	32407619	32412823	ENSG00000204287	12052
chr6	32396056	32396057	rs9268578_ldlink	chr6	32407619	32412823	ENSG00000204287	11563
chr6	32396449	32396450	rs9268579_ldlink	chr6	32407619	32412823	ENSG00000204287	11170
chr6	32396904	32396905	rs9268580_ldlink	chr6	32407619	32412823	ENSG00000204287	10715
chr6	32396963	32396964	rs9268582_ldlink	chr6	32407619	32412823	ENSG00000204287	10656
chr6	32397402	32397403	rs9268585_ldlink	chr6	32407619	32412823	ENSG00000204287	10217
chr6	32397793	32397794	rs9268588_ldlink	chr6	32407619	32412823	ENSG00000204287	9826
chr6	32398201	32398202	rs9268589_ldlink	chr6	32407619	32412823	ENSG00000204287	9418
chr6	32398562	32398563	rs7774047_ldlink	chr6	32407619	32412823	ENSG00000204287	9057
chr6	32398674	32398675	rs7756262_ldlink	chr6	32407619	32412823	ENSG00000204287	8945
chr6	32398789	32398790	rs146453083_ldlink	chr6	32407619	32412823	ENSG00000204287	8830
chr6	32399091	32399092	rs4348358_ldlink	chr6	32407619	32412823	ENSG00000204287	8528
chr6	32399186	32399187	rs4321864_ldlink	chr6	32407619	32412823	ENSG00000204287	8433
chr6	32399832	32399833	rs9268605_ldlink	chr6	32407619	32412823	ENSG00000204287	7787
chr6	32400069	32400070	rs9268606_ldlink	chr6	32407619	32412823	ENSG00000204287	7550
chr6	32400537	32400538	rs9268607_ldlink	chr6	32407619	32412823	ENSG00000204287	7082
chr6	32400832	32400833	rs370436986_ldlink	chr6	32407619	32412823	ENSG00000204287	6787
chr6	32400864	32400865	rs9268608_ldlink	chr6	32407619	32412823	ENSG00000204287	6755
chr6	32401260	32401261	rs9268609_ldlink	chr6	32407619	32412823	ENSG00000204287	6359
chr6	32401262	32401263	rs9268610_ldlink	chr6	32407619	32412823	ENSG00000204287	6357
chr6	32401995	32401996	rs1987305_ldlink	chr6	32407619	32412823	ENSG00000204287	5624
chr6	32402224	32402225	rs960736_ldlink	chr6	32407619	32412823	ENSG00000204287	5395
chr6	32402439	32402440	rs7753264_ldlink	chr6	32407619	32412823	ENSG00000204287	5180
chr6	32402463	32402464	rs7773756_ldlink	chr6	32407619	32412823	ENSG00000204287	5156
chr6	32402691	32402692	rs9268613_ldlink	chr6	32407619	32412823	ENSG00000204287	4928
chr6	32404092	32404093	rs4612206_ldlink	chr6	32407619	32412823	ENSG00000204287	3527
chr6	32405691	32405692	rs374397094_ldlink	chr6	32407619	32412823	ENSG00000204287	1928
chr6	32406529	32406530	rs9268634_ldlink	chr6	32407619	32412823	ENSG00000204287	1090
chr6	32408526	32408527	rs9268645_gwas	chr6	32407619	32412823	ENSG00000204287	0
chr6	32409655	32409656	rs9268657_ldlink	chr6	32407619	32412823	ENSG00000204287	0
chr6	32626483	32626484	rs9273369_ldlink	chr6	32627244	32636160	ENSG00000179344	761
chr6	32627366	32627367	rs1130457_ldlink	chr6	32627244	32636160	ENSG00000179344	0
chr6	32627378	32627379	rs1130456_ldlink	chr6	32627244	32636160	ENSG00000179344	0
chr6	32627389	32627390	rs9273423_ldlink	chr6	32627244	32636160	ENSG00000179344	0
chr6	32627560	32627561	rs9273440_ldlink	chr6	32627244	32636160	ENSG00000179344	0
chr6	32627581	32627582	rs9273442_ldlink	chr6	32627244	32636160	ENSG00000179344	0
chr6	32627746	32627747	rs1049225_ldlink	chr6	32627244	32636160	ENSG00000179344	0
chr6	32627746	32627747	rs1049225_ldlink	chr6	32627657	32628506	ENSG00000223534	0
chr6	32627746	32627747	rs1049225_ldlink	chr6	32627663	32630227	ENSG00000241287	0
chr6	32627772	32627773	rs1049213_ldlink	chr6	32627244	32636160	ENSG00000179344	0
chr6	32627772	32627773	rs1049213_ldlink	chr6	32627657	32628506	ENSG00000223534	0
chr6	32627772	32627773	rs1049213_ldlink	chr6	32627663	32630227	ENSG00000241287	0
chr6	32627955	32627956	rs1063347_ldlink	chr6	32627244	32636160	ENSG00000179344	0
chr6	32627955	32627956	rs1063347_ldlink	chr6	32627657	32628506	ENSG00000223534	0
chr6	32627955	32627956	rs1063347_ldlink	chr6	32627663	32630227	ENSG00000241287	0
chr6	32628083	32628084	rs2854277_ldlink	chr6	32627244	32636160	ENSG00000179344	0
chr6	32628083	32628084	rs2854277_ldlink	chr6	32627657	32628506	ENSG00000223534	0
chr6	32628083	32628084	rs2854277_ldlink	chr6	32627663	32630227	ENSG00000241287	0
chr6	32628427	32628428	rs2854275_ldlink	chr6	32627244	32636160	ENSG00000179344	0
chr6	32628427	32628428	rs2854275_ldlink	chr6	32627657	32628506	ENSG00000223534	0
chr6	32628427	32628428	rs2854275_ldlink	chr6	32627663	32630227	ENSG00000241287	0
chr6	32634386	32634387	rs1049055_ldlink	chr6	32627244	32636160	ENSG00000179344	0
chr6	32634484	32634485	rs9274526_ldlink	chr6	32627244	32636160	ENSG00000179344	0
chr6	32634507	32634508	rs9274528_ldlink	chr6	32627244	32636160	ENSG00000179344	0
chr6	32634619	32634620	rs9274535_ldlink	chr6	32627244	32636160	ENSG00000179344	0
chr6	32634921	32634922	rs4403294_ldlink	chr6	32627244	32636160	ENSG00000179344	0
chr6	32635090	32635091	rs4311549_ldlink	chr6	32627244	32636160	ENSG00000179344	0
chr6	32657435	32657436	rs3129716_ldlink	chr6	32673901	32674732	ENSG00000235040	16466
chr6	32659608	32659609	rs2647004_ldlink	chr6	32673901	32674732	ENSG00000235040	14293
chr6	32659644	32659645	rs2856674_ldlink	chr6	32673901	32674732	ENSG00000235040	14257
chr6	32661778	32661779	rs3129719_ldlink	chr6	32673901	32674732	ENSG00000235040	12123
chr6	32662472	32662473	rs1794519_ldlink	chr6	32673901	32674732	ENSG00000235040	11429
chr6	32663354	32663355	rs2647019_ldlink	chr6	32673901	32674732	ENSG00000235040	10547
chr6	32663630	32663631	rs3129720_ldlink	chr6	32673901	32674732	ENSG00000235040	10271
chr6	32666357	32666358	rs1794283_ldlink	chr6	32673901	32674732	ENSG00000235040	7544
chr6	32666525	32666526	rs1794282_ldlink	chr6	32673901	32674732	ENSG00000235040	7376
chr6	32667118	32667119	rs3135006_ldlink	chr6	32673901	32674732	ENSG00000235040	6783
chr6	32667170	32667171	rs1794280_ldlink	chr6	32673901	32674732	ENSG00000235040	6731
chr6	32667594	32667595	rs1794279_ldlink	chr6	32673901	32674732	ENSG00000235040	6307
chr6	32668438	32668439	rs3135002_gwas	chr6	32673901	32674732	ENSG00000235040	5463
chr6	32668662	32668663	rs1794277_ldlink	chr6	32673901	32674732	ENSG00000235040	5239
chr6	32668945	32668946	rs1613056_ldlink	chr6	32673901	32674732	ENSG00000235040	4956
chr6	32670135	32670136	rs3135001_ldlink	chr6	32673901	32674732	ENSG00000235040	3766
chr6	32671206	32671207	rs1794511_ldlink	chr6	32673901	32674732	ENSG00000235040	2695
chr6	32671799	32671800	rs1794530_ldlink	chr6	32673901	32674732	ENSG00000235040	2102
chr6	32672215	32672216	rs1794272_ldlink	chr6	32673901	32674732	ENSG00000235040	1686
chr6	32672438	32672439	rs1794528_ldlink	chr6	32673901	32674732	ENSG00000235040	1463
chr6	32673892	32673893	rs1617322_ldlink	chr6	32673901	32674732	ENSG00000235040	9
chr6	32674026	32674027	rs3134969_ldlink	chr6	32673901	32674732	ENSG00000235040	0
chr6	32674058	32674059	rs3134968_ldlink	chr6	32673901	32674732	ENSG00000235040	0
chr6	32674297	32674298	rs3134966_ldlink	chr6	32673901	32674732	ENSG00000235040	0
chr6	32678205	32678206	rs3129726_ldlink	chr6	32673901	32674732	ENSG00000235040	3474
chr6	32679325	32679326	rs9275576_ldlink	chr6	32673901	32674732	ENSG00000235040	4594
chr6	32680121	32680122	rs3135461_ldlink	chr6	32673901	32674732	ENSG00000235040	5390
chr6	32798730	32798731	rs1015166_gwas	chr6	32781544	32806599	ENSG00000250264	0
chr6	32798730	32798731	rs1015166_gwas	chr6	32789610	32806557	ENSG00000204267	0
chr6	35993891	35993892	rs146680189_ldlink	chr6	35911291	35992645	ENSG00000112053	1247
chr6	35993905	35993906	rs3761980_ldlink	chr6	35911291	35992645	ENSG00000112053	1261
chr6	35994941	35994942	rs60481532_ldlink	chr6	35995488	36079013	ENSG00000112062	547
chr6	35995632	35995633	rs56156688_ldlink	chr6	35995488	36079013	ENSG00000112062	0
chr6	35996412	35996413	rs61763101_ldlink	chr6	35995488	36079013	ENSG00000112062	0
chr6	35997767	35997768	rs16883819_ldlink	chr6	35995488	36079013	ENSG00000112062	0
chr6	35998387	35998388	rs80028505_gwas	chr6	35995488	36079013	ENSG00000112062	0
chr6	35999079	35999080	rs6932598_ldlink	chr6	35995488	36079013	ENSG00000112062	0
chr6	36000701	36000702	rs58583792_ldlink	chr6	35995488	36079013	ENSG00000112062	0
chr6	36002461	36002462	rs16883860_ldlink	chr6	35995488	36079013	ENSG00000112062	0
chr6	36002539	36002540	rs147404416_ldlink	chr6	35995488	36079013	ENSG00000112062	0
chr6	36002756	36002757	rs146269924_ldlink	chr6	35995488	36079013	ENSG00000112062	0
chr6	36004901	36004902	rs56413204_ldlink	chr6	35995488	36079013	ENSG00000112062	0
chr6	36005099	36005100	rs58390233_ldlink	chr6	35995488	36079013	ENSG00000112062	0
chr6	36005674	36005675	rs7745927_ldlink	chr6	35995488	36079013	ENSG00000112062	0
chr6	36005690	36005691	rs7745536_ldlink	chr6	35995488	36079013	ENSG00000112062	0
chr6	36008001	36008002	rs2237096_ldlink	chr6	35995488	36079013	ENSG00000112062	0
chr6	36008062	36008063	rs7760578_ldlink	chr6	35995488	36079013	ENSG00000112062	0
chr6	36010673	36010674	rs376732583_ldlink	chr6	35995488	36079013	ENSG00000112062	0
chr6	36010957	36010958	rs16883989_ldlink	chr6	35995488	36079013	ENSG00000112062	0
chr6	36011072	36011073	rs73729685_ldlink	chr6	35995488	36079013	ENSG00000112062	0
chr6	36011648	36011649	rs56715462_ldlink	chr6	35995488	36079013	ENSG00000112062	0
chr6	36013023	36013024	rs7759175_ldlink	chr6	35995488	36079013	ENSG00000112062	0
chr6	36013510	36013511	rs113885326_ldlink	chr6	35995488	36079013	ENSG00000112062	0
chr6	36014587	36014588	rs6930333_ldlink	chr6	35995488	36079013	ENSG00000112062	0
chr6	36015535	36015536	rs113008645_ldlink	chr6	35995488	36079013	ENSG00000112062	0
chr6	36019075	36019076	rs112201657_ldlink	chr6	35995488	36079013	ENSG00000112062	0
chr6	36019927	36019928	rs6921999_ldlink	chr6	35995488	36079013	ENSG00000112062	0
chr6	36020158	36020159	rs41271263_ldlink	chr6	35995488	36079013	ENSG00000112062	0
chr6	36022310	36022311	rs73407868_ldlink	chr6	35995488	36079013	ENSG00000112062	0
chr6	36022640	36022641	rs73729698_ldlink	chr6	35995488	36079013	ENSG00000112062	0
chr6	36025306	36025307	rs56059109_ldlink	chr6	35995488	36079013	ENSG00000112062	0
chr6	36027141	36027142	rs3730327_ldlink	chr6	35995488	36079013	ENSG00000112062	0
chr6	36027632	36027633	rs6934216_ldlink	chr6	35995488	36079013	ENSG00000112062	0
chr6	36028246	36028247	rs73407870_ldlink	chr6	35995488	36079013	ENSG00000112062	0
chr6	36028642	36028643	rs73407871_ldlink	chr6	35995488	36079013	ENSG00000112062	0
chr6	36031905	36031906	rs61364424_ldlink	chr6	35995488	36079013	ENSG00000112062	0
chr6	36032087	36032088	rs60100837_ldlink	chr6	35995488	36079013	ENSG00000112062	0
chr6	36032667	36032668	rs56133220_ldlink	chr6	35995488	36079013	ENSG00000112062	0
chr6	36033919	36033920	rs73407876_ldlink	chr6	35995488	36079013	ENSG00000112062	0
chr6	36035258	36035259	rs144956706_ldlink	chr6	35995488	36079013	ENSG00000112062	0
chr6	36036511	36036512	rs73730437_ldlink	chr6	35995488	36079013	ENSG00000112062	0
chr6	36036908	36036909	rs7775290_ldlink	chr6	35995488	36079013	ENSG00000112062	0
chr6	36037225	36037226	rs73730440_ldlink	chr6	35995488	36079013	ENSG00000112062	0
chr6	36038883	36038884	rs7747846_ldlink	chr6	35995488	36079013	ENSG00000112062	0
chr6	36039430	36039431	rs61212706_ldlink	chr6	35995488	36079013	ENSG00000112062	0
chr6	36040473	36040474	rs7772088_ldlink	chr6	35995488	36079013	ENSG00000112062	0
chr6	36041136	36041137	rs56362075_ldlink	chr6	35995488	36079013	ENSG00000112062	0
chr6	36042947	36042948	rs112202188_ldlink	chr6	35995488	36079013	ENSG00000112062	0
chr6	36044224	36044225	rs3730366_ldlink	chr6	35995488	36079013	ENSG00000112062	0
chr6	36046225	36046226	rs61195139_ldlink	chr6	35995488	36079013	ENSG00000112062	0
chr6	36048009	36048010	rs7748078_ldlink	chr6	35995488	36079013	ENSG00000112062	0
chr6	36048416	36048417	rs6910685_ldlink	chr6	35995488	36079013	ENSG00000112062	0
chr6	36049715	36049716	rs80032177_ldlink	chr6	35995488	36079013	ENSG00000112062	0
chr6	36051198	36051199	rs76703794_ldlink	chr6	35995488	36079013	ENSG00000112062	0
chr6	36051199	36051200	rs76171341_ldlink	chr6	35995488	36079013	ENSG00000112062	0
chr6	36051412	36051413	rs73409842_ldlink	chr6	35995488	36079013	ENSG00000112062	0
chr6	36052709	36052710	rs138782604_ldlink	chr6	35995488	36079013	ENSG00000112062	0
chr6	36053146	36053147	rs6908622_ldlink	chr6	35995488	36079013	ENSG00000112062	0
chr6	36054931	36054932	rs60909394_ldlink	chr6	35995488	36079013	ENSG00000112062	0
chr6	36055940	36055941	rs7762483_ldlink	chr6	35995488	36079013	ENSG00000112062	0
chr6	36056429	36056430	rs112249319_ldlink	chr6	35995488	36079013	ENSG00000112062	0
chr6	36056854	36056855	rs56327416_ldlink	chr6	35995488	36079013	ENSG00000112062	0
chr6	36057967	36057968	rs16884628_ldlink	chr6	35995488	36079013	ENSG00000112062	0
chr6	36058202	36058203	rs79062678_ldlink	chr6	35995488	36079013	ENSG00000112062	0
chr6	36059290	36059291	rs35214995_ldlink	chr6	35995488	36079013	ENSG00000112062	0
chr6	36060210	36060211	rs16884660_ldlink	chr6	35995488	36079013	ENSG00000112062	0
chr6	36060210	36060211	rs16884660_ldlink	chr6	36059768	36060423	ENSG00000237719	0
chr6	36061262	36061263	rs6914570_ldlink	chr6	35995488	36079013	ENSG00000112062	0
chr6	36061460	36061461	rs60342497_ldlink	chr6	35995488	36079013	ENSG00000112062	0
chr6	36062990	36062991	rs7771484_ldlink	chr6	35995488	36079013	ENSG00000112062	0
chr6	36063161	36063162	rs16884694_ldlink	chr6	35995488	36079013	ENSG00000112062	0
chr6	36065621	36065622	rs7745082_ldlink	chr6	35995488	36079013	ENSG00000112062	0
chr6	36068302	36068303	rs7761118_ldlink	chr6	35995488	36079013	ENSG00000112062	0
chr6	36068988	36068989	rs7766032_ldlink	chr6	35995488	36079013	ENSG00000112062	0
chr6	36069874	36069875	rs6936327_ldlink	chr6	35995488	36079013	ENSG00000112062	0
chr6	36070226	36070227	rs16884857_ldlink	chr6	35995488	36079013	ENSG00000112062	0
chr6	36070698	36070699	rs16884906_ldlink	chr6	35995488	36079013	ENSG00000112062	0
chr6	36071516	36071517	rs16884919_ldlink	chr6	35995488	36079013	ENSG00000112062	0
chr6	36076279	36076280	rs6457878_ldlink	chr6	35995488	36079013	ENSG00000112062	0
chr6	36077960	36077961	rs3804451_ldlink	chr6	35995488	36079013	ENSG00000112062	0
chr6	36081339	36081340	rs7764494_ldlink	chr6	35995488	36079013	ENSG00000112062	2327
chr6	36082324	36082325	rs7769981_ldlink	chr6	35995488	36079013	ENSG00000112062	3312
chr6	36082572	36082573	rs7770183_ldlink	chr6	35995488	36079013	ENSG00000112062	3560
chr6	36083103	36083104	rs56044978_ldlink	chr6	35995488	36079013	ENSG00000112062	4091
chr6	36084671	36084672	rs7752459_ldlink	chr6	35995488	36079013	ENSG00000112062	5659
chr6	36085002	36085003	rs73730459_ldlink	chr6	35995488	36079013	ENSG00000112062	5990
chr6	126659042	126659043	rs6919397_ldlink	chr6	126661320	126670021	ENSG00000203760	2278
chr6	126660354	126660355	rs10641703_ldlink	chr6	126661320	126670021	ENSG00000203760	966
chr6	126666824	126666825	rs139082274_ldlink	chr6	126661320	126670021	ENSG00000203760	0
chr6	126680488	126680489	rs2326387_ldlink	chr6	126661320	126670021	ENSG00000203760	10468
chr6	126685826	126685827	rs2027299_ldlink	chr6	126661320	126670021	ENSG00000203760	15806
chr6	126686512	126686513	rs4895807_ldlink	chr6	126661320	126670021	ENSG00000203760	16492
chr6	126727907	126727908	rs4897178_ldlink	chr6	126661320	126670021	ENSG00000203760	57887
chr6	126745075	126745076	rs2039735_ldlink	chr6	126805777	126805859	ENSG00000207632	60702
chr6	126752883	126752884	rs1538171_gwas	chr6	126805777	126805859	ENSG00000207632	52894
chr6	126753563	126753564	rs4897181_ldlink	chr6	126805777	126805859	ENSG00000207632	52214
chr6	126759586	126759587	rs1415671_ldlink	chr6	126805777	126805859	ENSG00000207632	46191
chr6	126760993	126760994	rs2184968_ldlink	chr6	126805777	126805859	ENSG00000207632	44784
chr6	126761227	126761228	rs2152876_ldlink	chr6	126805777	126805859	ENSG00000207632	44550
chr6	126771142	126771143	rs1361109_ldlink	chr6	126805777	126805859	ENSG00000207632	34635
chr7	26904329	26904330	rs17323934_ldlink	chr7	26706681	27034858	ENSG00000005020	0
chr7	26904927	26904928	rs73069541_ldlink	chr7	26706681	27034858	ENSG00000005020	0
chr7	50462403	50462404	rs56177096_ldlink	chr7	50343720	50472799	ENSG00000185811	0
chr7	50465829	50465830	rs62447205_gwas	chr7	50343720	50472799	ENSG00000185811	0
chr7	50466303	50466304	rs11978267_ldlink	chr7	50343720	50472799	ENSG00000185811	0
chr7	50466694	50466695	rs6973210_ldlink	chr7	50343720	50472799	ENSG00000185811	0
chr7	50466796	50466797	rs6960400_ldlink	chr7	50343720	50472799	ENSG00000185811	0
chr7	50468951	50468952	rs10278451_ldlink	chr7	50343720	50472799	ENSG00000185811	0
chr7	50469550	50469551	rs11552047_ldlink	chr7	50343720	50472799	ENSG00000185811	0
chr7	50469980	50469981	rs11980379_ldlink	chr7	50343720	50472799	ENSG00000185811	0
chr7	50470377	50470378	rs33999320_ldlink	chr7	50343720	50472799	ENSG00000185811	0
chr7	50470603	50470604	rs4132601_ldlink	chr7	50343720	50472799	ENSG00000185811	0
chr7	50471612	50471613	rs11980407_ldlink	chr7	50343720	50472799	ENSG00000185811	0
chr7	50472323	50472324	rs62445866_ldlink	chr7	50343720	50472799	ENSG00000185811	0
chr9	136139264	136139265	rs657152_gwas	chr9	136125788	136150617	ENSG00000175164	0
chr9	136145906	136145907	rs61457395_ldlink	chr9	136125788	136150617	ENSG00000175164	0
chr9	136149097	136149098	rs8176645_ldlink	chr9	136125788	136150617	ENSG00000175164	0
chr9	139263595	139263596	rs11145763_gwas	chr9	139256355	139268133	ENSG00000187796	0
chrX	153939324	153939325	rs5945233_ldlink	chrX	153903529	153979858	ENSG00000160219	0
chrX	153945601	153945602	rs2664170_gwas	chrX	153903529	153979858	ENSG00000160219	0
chrX	153947980	153947981	rs5987015_ldlink	chrX	153903529	153979858	ENSG00000160219	0
chrX	153948686	153948687	rs2728723_ldlink	chrX	153903529	153979858	ENSG00000160219	0
chrX	153949613	153949614	rs2664172_ldlink	chrX	153903529	153979858	ENSG00000160219	0
chrX	153949792	153949793	rs1605895_ldlink	chrX	153903529	153979858	ENSG00000160219	0
chrX	153950634	153950635	rs1848763_ldlink	chrX	153903529	153979858	ENSG00000160219	0
