seedSNP_5245_bm	snp_2676_gtex	snp_1253_encode_dist	snp_1688_roadmap_dist	snp_301_regulome2b	snp_261_lncrnasnp	Counts
0	0	0	0	0	0	0
0	0	0	0	0	1	0
0	0	0	0	1	0	0
0	0	0	0	1	1	0
0	0	0	1	0	0	0
0	0	0	1	0	1	0
0	0	0	1	1	0	0
0	0	0	1	1	1	0
0	0	1	0	0	0	0
0	0	1	0	0	1	0
0	0	1	0	1	0	0
0	0	1	0	1	1	0
0	0	1	1	0	0	0
0	0	1	1	0	1	0
0	0	1	1	1	0	0
0	0	1	1	1	1	0
0	1	0	0	0	0	0
0	1	0	0	0	1	0
0	1	0	0	1	0	0
0	1	0	0	1	1	0
0	1	0	1	0	0	0
0	1	0	1	0	1	0
0	1	0	1	1	0	0
0	1	0	1	1	1	0
0	1	1	0	0	0	0
0	1	1	0	0	1	0
0	1	1	0	1	0	0
0	1	1	0	1	1	0
0	1	1	1	0	0	0
0	1	1	1	0	1	0
0	1	1	1	1	0	0
0	1	1	1	1	1	0
1	0	0	0	0	0	1504
1	0	0	0	0	1	54
1	0	0	0	1	0	7
1	0	0	0	1	1	0
1	0	0	1	0	0	532
1	0	0	1	0	1	18
1	0	0	1	1	0	8
1	0	0	1	1	1	0
1	0	1	0	0	0	191
1	0	1	0	0	1	9
1	0	1	0	1	0	22
1	0	1	0	1	1	2
1	0	1	1	0	0	185
1	0	1	1	0	1	9
1	0	1	1	1	0	25
1	0	1	1	1	1	3
1	1	0	0	0	0	1189
1	1	0	0	0	1	70
1	1	0	0	1	0	47
1	1	0	0	1	1	3
1	1	0	1	0	0	517
1	1	0	1	0	1	25
1	1	0	1	1	0	16
1	1	0	1	1	1	2
1	1	1	0	0	0	312
1	1	1	0	0	1	32
1	1	1	0	1	0	108
1	1	1	0	1	1	7
1	1	1	1	0	0	277
1	1	1	1	0	1	20
1	1	1	1	1	0	44
1	1	1	1	1	1	7
