ann	chr	start	end	snp_140_roadmap_encode	snp_26_core_tfbs	snp_745_gtex
rs1004446	chr11	2170142	2170143	FALSE	FALSE	TRUE
rs1008723	chr17	38066266	38066267	FALSE	FALSE	TRUE
rs1013971	chr17	38781177	38781178	FALSE	FALSE	TRUE
rs1015166	chr6	32798730	32798731	FALSE	FALSE	TRUE
rs10152587	chr15	79233224	79233225	FALSE	FALSE	TRUE
rs10152589	chr15	79233254	79233255	FALSE	FALSE	TRUE
rs10165561	chr2	234172914	234172915	FALSE	FALSE	TRUE
rs10178603	chr2	234206609	234206610	FALSE	FALSE	TRUE
rs10187822	chr2	234206473	234206474	FALSE	FALSE	TRUE
rs10192702	chr2	234206749	234206750	FALSE	FALSE	TRUE
rs10195395	chr2	234206503	234206504	FALSE	FALSE	TRUE
rs10196794	chr2	234192615	234192616	FALSE	FALSE	TRUE
rs10212296	chr3	49542272	49542273	FALSE	FALSE	TRUE
rs10278451	chr7	50468951	50468952	FALSE	FALSE	TRUE
rs1036938	chr15	79237246	79237247	FALSE	FALSE	TRUE
rs10400877	chr15	79234377	79234378	FALSE	FALSE	TRUE
rs10400881	chr15	79234383	79234384	FALSE	FALSE	TRUE
rs10440635	chr5	40490789	40490790	TRUE	FALSE	FALSE
rs1045100	chr2	234203596	234203597	FALSE	FALSE	TRUE
rs1048572	chr17	38797241	38797242	FALSE	FALSE	TRUE
rs1048573	chr17	38797201	38797202	FALSE	FALSE	TRUE
rs1049053	chr6	32634404	32634405	TRUE	TRUE	FALSE
rs1049055	chr6	32634386	32634387	TRUE	FALSE	TRUE
rs1049213	chr6	32627772	32627773	TRUE	FALSE	TRUE
rs1049225	chr6	32627746	32627747	TRUE	FALSE	TRUE
rs1050450	chr3	49394833	49394834	FALSE	FALSE	TRUE
rs10509540	chr10	90023032	90023033	FALSE	FALSE	TRUE
rs10517086	chr4	26085510	26085511	TRUE	FALSE	FALSE
rs10582618	chr3	49577045	49577046	TRUE	FALSE	FALSE
rs1059491	chr16	28603654	28603655	FALSE	FALSE	TRUE
rs1063347	chr6	32627955	32627956	TRUE	FALSE	TRUE
rs10640	chr3	49454276	49454277	FALSE	FALSE	TRUE
rs10641703	chr6	126660354	126660355	FALSE	FALSE	TRUE
rs1074631	chr16	28554107	28554108	FALSE	FALSE	TRUE
rs10774625	chr12	111910218	111910219	FALSE	FALSE	TRUE
rs10822050	chr10	64438770	64438771	FALSE	FALSE	TRUE
rs10876864	chr12	56401084	56401085	FALSE	FALSE	TRUE
rs10876866	chr12	56445365	56445366	FALSE	FALSE	TRUE
rs10876870	chr12	56478001	56478002	TRUE	TRUE	TRUE
rs10883370	chr10	101291471	101291472	FALSE	FALSE	TRUE
rs10883371	chr10	101292454	101292455	FALSE	FALSE	TRUE
rs10883372	chr10	101292482	101292483	FALSE	FALSE	TRUE
rs10883373	chr10	101292483	101292484	FALSE	FALSE	TRUE
rs10905718	chr10	6114855	6114856	TRUE	FALSE	FALSE
rs10995271	chr10	64438485	64438486	FALSE	FALSE	TRUE
rs11072815	chr15	79232318	79232319	FALSE	FALSE	TRUE
rs11072817	chr15	79236814	79236815	FALSE	FALSE	TRUE
rs11072818	chr15	79236932	79236933	FALSE	FALSE	TRUE
rs11074911	chr16	28583864	28583865	FALSE	FALSE	TRUE
rs11102694	chr1	114426000	114426001	FALSE	FALSE	TRUE
rs11130203	chr3	49575366	49575367	FALSE	FALSE	TRUE
rs11145763	chr9	139263595	139263596	FALSE	FALSE	TRUE
rs111564203	chr1	78846519	78846520	FALSE	FALSE	TRUE
rs11171739	chr12	56470624	56470625	FALSE	FALSE	TRUE
rs111852127	chr16	75249169	75249170	FALSE	FALSE	TRUE
rs11190140	chr10	101291592	101291593	FALSE	FALSE	TRUE
rs111903592	chr3	49427318	49427319	FALSE	FALSE	TRUE
rs112047757	chr16	28590861	28590862	FALSE	FALSE	TRUE
rs112191041	chr16	28583361	28583362	FALSE	FALSE	TRUE
rs112201657	chr6	36019075	36019076	FALSE	FALSE	TRUE
rs112202188	chr6	36042947	36042948	FALSE	FALSE	TRUE
rs112249319	chr6	36056429	36056430	FALSE	FALSE	TRUE
rs112479807	chr16	28600200	28600201	FALSE	FALSE	TRUE
rs112831778	chr16	28590988	28590989	FALSE	FALSE	TRUE
rs113008645	chr6	36015535	36015536	FALSE	FALSE	TRUE
rs1130456	chr6	32627378	32627379	TRUE	FALSE	TRUE
rs1130457	chr6	32627366	32627367	TRUE	FALSE	TRUE
rs1131017	chr12	56435928	56435929	FALSE	FALSE	TRUE
rs11317724	chr16	75247336	75247337	FALSE	FALSE	TRUE
rs113208333	chr16	28606159	28606160	FALSE	FALSE	TRUE
rs113607956	chr11	2212722	2212723	TRUE	FALSE	FALSE
rs1136703	chr16	28607231	28607232	FALSE	FALSE	TRUE
rs113885326	chr6	36013510	36013511	FALSE	FALSE	TRUE
rs11464691	chr17	38770640	38770641	FALSE	FALSE	TRUE
rs1150753	chr6	32059866	32059867	FALSE	FALSE	TRUE
rs1150754	chr6	32050757	32050758	FALSE	FALSE	TRUE
rs1150755	chr6	32038549	32038550	FALSE	FALSE	TRUE
rs1150756	chr6	32035693	32035694	FALSE	FALSE	TRUE
rs1150757	chr6	32029204	32029205	FALSE	FALSE	TRUE
rs11552047	chr7	50469550	50469551	FALSE	FALSE	TRUE
rs11552449	chr1	114448388	114448389	FALSE	FALSE	TRUE
rs11564242	chr12	40825107	40825108	TRUE	FALSE	FALSE
rs11571297	chr2	204745002	204745003	FALSE	FALSE	TRUE
rs11571302	chr2	204742933	204742934	FALSE	FALSE	TRUE
rs11571316	chr2	204731088	204731089	FALSE	FALSE	TRUE
rs116050397	chr1	78836873	78836874	TRUE	FALSE	FALSE
rs11706370	chr3	49441090	49441091	FALSE	FALSE	TRUE
rs11708955	chr3	49540113	49540114	FALSE	FALSE	TRUE
rs11711536	chr3	49391239	49391240	FALSE	FALSE	TRUE
rs11712569	chr3	49540151	49540152	FALSE	FALSE	TRUE
rs11713474	chr3	49611456	49611457	FALSE	FALSE	TRUE
rs11715915	chr3	49455329	49455330	TRUE	TRUE	TRUE
rs11716974	chr3	49431852	49431853	FALSE	FALSE	TRUE
rs11719996	chr3	49525957	49525958	FALSE	FALSE	TRUE
rs11720597	chr3	49635353	49635354	FALSE	FALSE	TRUE
rs11741255	chr5	131811181	131811182	FALSE	FALSE	TRUE
rs11757155	chr6	90941239	90941240	TRUE	FALSE	FALSE
rs11855406	chr15	79234863	79234864	FALSE	FALSE	TRUE
rs11856301	chr15	79232329	79232330	FALSE	FALSE	TRUE
rs11922013	chr3	49458354	49458355	FALSE	FALSE	TRUE
rs11926781	chr3	49603288	49603289	FALSE	FALSE	TRUE
rs11978267	chr7	50466303	50466304	FALSE	FALSE	TRUE
rs11980379	chr7	50469980	50469981	FALSE	FALSE	TRUE
rs11980407	chr7	50471612	50471613	FALSE	FALSE	TRUE
rs12148472	chr15	79231477	79231478	FALSE	FALSE	TRUE
rs12162308	chr2	234172187	234172188	FALSE	FALSE	TRUE
rs12330269	chr3	49513909	49513910	TRUE	FALSE	TRUE
rs12416116	chr10	90035653	90035654	FALSE	FALSE	TRUE
rs12445744	chr16	28588394	28588395	FALSE	FALSE	TRUE
rs12445823	chr16	28588048	28588049	FALSE	FALSE	TRUE
rs12446550	chr16	28543380	28543381	TRUE	FALSE	TRUE
rs12447461	chr16	28582940	28582941	FALSE	FALSE	TRUE
rs12448429	chr16	28588442	28588443	FALSE	FALSE	TRUE
rs12453507	chr17	38053206	38053207	FALSE	FALSE	TRUE
rs12598357	chr16	28340944	28340945	FALSE	FALSE	TRUE
rs1264349	chr6	30796658	30796659	TRUE	FALSE	TRUE
rs1264351	chr6	30792116	30792117	FALSE	FALSE	TRUE
rs1264352	chr6	30789646	30789647	TRUE	FALSE	TRUE
rs1264353	chr6	30787761	30787762	FALSE	FALSE	TRUE
rs1264355	chr6	30784192	30784193	FALSE	FALSE	TRUE
rs1264356	chr6	30784067	30784068	FALSE	FALSE	TRUE
rs1264357	chr6	30783578	30783579	TRUE	FALSE	TRUE
rs1264361	chr6	30777497	30777498	TRUE	TRUE	TRUE
rs1264373	chr6	30769272	30769273	FALSE	FALSE	TRUE
rs1265888	chr6	32066446	32066447	FALSE	FALSE	TRUE
rs1265889	chr6	32033615	32033616	FALSE	FALSE	TRUE
rs1265905	chr6	31909940	31909941	FALSE	FALSE	TRUE
rs12708716	chr16	11179872	11179873	FALSE	FALSE	TRUE
rs1270942	chr6	31918859	31918860	FALSE	FALSE	TRUE
rs12766391	chr10	64441203	64441204	FALSE	FALSE	TRUE
rs12917656	chr16	11187861	11187862	TRUE	FALSE	FALSE
rs12917716	chr16	11189147	11189148	TRUE	FALSE	FALSE
rs12917893	chr16	11239977	11239978	FALSE	FALSE	TRUE
rs12919083	chr16	11188929	11188930	TRUE	TRUE	FALSE
rs12928537	chr16	11191399	11191400	TRUE	FALSE	FALSE
rs12930373	chr16	11239598	11239599	FALSE	FALSE	TRUE
rs12994997	chr2	234173502	234173503	FALSE	FALSE	TRUE
rs13009506	chr2	234175705	234175706	FALSE	FALSE	TRUE
rs13079082	chr3	49574807	49574808	FALSE	FALSE	TRUE
rs13079643	chr3	49477465	49477466	FALSE	FALSE	TRUE
rs13087851	chr3	49408973	49408974	FALSE	FALSE	TRUE
rs13090388	chr3	49391081	49391082	FALSE	FALSE	TRUE
rs1332099	chr10	101298450	101298451	FALSE	FALSE	TRUE
rs13331385	chr16	75259217	75259218	FALSE	FALSE	TRUE
rs13333976	chr16	28347706	28347707	FALSE	FALSE	TRUE
rs13381239	chr18	67526724	67526725	FALSE	FALSE	TRUE
rs13391356	chr2	234170368	234170369	FALSE	FALSE	TRUE
rs1361109	chr6	126771142	126771143	FALSE	FALSE	TRUE
rs138012443	chr10	64434281	64434282	FALSE	FALSE	TRUE
rs138782604	chr6	36052709	36052710	FALSE	FALSE	TRUE
rs139082274	chr6	126666824	126666825	FALSE	FALSE	TRUE
rs140643155	chr2	234170323	234170324	TRUE	FALSE	TRUE
rs1415671	chr6	126759586	126759587	FALSE	FALSE	TRUE
rs142216833	chr1	78848772	78848773	FALSE	FALSE	TRUE
rs143626010	chr16	28539397	28539398	FALSE	FALSE	TRUE
rs144956706	chr6	36035258	36035259	FALSE	FALSE	TRUE
rs146269924	chr6	36002756	36002757	FALSE	FALSE	TRUE
rs146453083	chr6	32398789	32398790	FALSE	FALSE	TRUE
rs1465788	chr14	69263598	69263599	TRUE	FALSE	FALSE
rs146680189	chr6	35993891	35993892	FALSE	FALSE	TRUE
rs1468176	chr22	30544515	30544516	FALSE	FALSE	TRUE
rs1469858	chr18	67529216	67529217	FALSE	FALSE	TRUE
rs147404416	chr6	36002539	36002540	FALSE	FALSE	TRUE
rs147630228	chr16	75251550	75251551	FALSE	FALSE	TRUE
rs150353632	chr6	32346462	32346463	FALSE	FALSE	TRUE
rs151174	chr16	28508068	28508069	TRUE	FALSE	TRUE
rs151234	chr16	28505659	28505660	TRUE	FALSE	TRUE
rs1530016	chr2	25305755	25305756	FALSE	FALSE	TRUE
rs153106	chr16	28526896	28526897	FALSE	FALSE	TRUE
rs153109	chr16	28519095	28519096	FALSE	FALSE	TRUE
rs1538171	chr6	126752883	126752884	FALSE	FALSE	TRUE
rs1541269	chr6	30103359	30103360	FALSE	FALSE	TRUE
rs1548389	chr22	30573551	30573552	FALSE	FALSE	TRUE
rs1573296	chr6	30127804	30127805	FALSE	FALSE	TRUE
rs1595260	chr14	69267694	69267695	TRUE	FALSE	FALSE
rs1595261	chr14	69268398	69268399	TRUE	FALSE	FALSE
rs1605895	chrX	153949792	153949793	TRUE	FALSE	TRUE
rs1610554	chr18	67524355	67524356	FALSE	FALSE	TRUE
rs1613056	chr6	32668945	32668946	FALSE	FALSE	TRUE
rs1615504	chr18	67526643	67526644	FALSE	FALSE	TRUE
rs1617322	chr6	32673892	32673893	FALSE	FALSE	TRUE
rs16878091	chr4	26088127	26088128	TRUE	FALSE	FALSE
rs16883819	chr6	35997767	35997768	FALSE	FALSE	TRUE
rs16883860	chr6	36002461	36002462	FALSE	FALSE	TRUE
rs16883989	chr6	36010957	36010958	FALSE	FALSE	TRUE
rs16884628	chr6	36057967	36057968	FALSE	FALSE	TRUE
rs16884660	chr6	36060210	36060211	FALSE	FALSE	TRUE
rs16884694	chr6	36063161	36063162	FALSE	FALSE	TRUE
rs16884857	chr6	36070226	36070227	FALSE	FALSE	TRUE
rs16884906	chr6	36070698	36070699	FALSE	FALSE	TRUE
rs16884919	chr6	36071516	36071517	FALSE	FALSE	TRUE
rs1689510	chr12	56396767	56396768	FALSE	FALSE	TRUE
rs1701704	chr12	56412486	56412487	FALSE	FALSE	TRUE
rs1702877	chr12	56427807	56427808	FALSE	FALSE	TRUE
rs17080528	chr3	49389841	49389842	FALSE	FALSE	TRUE
rs17110523	chr10	90031902	90031903	FALSE	FALSE	TRUE
rs17323934	chr7	26904329	26904330	FALSE	FALSE	TRUE
rs17640009	chr16	28595699	28595700	FALSE	FALSE	TRUE
rs17673553	chr16	11241905	11241906	TRUE	FALSE	TRUE
rs17696736	chr12	112486817	112486818	FALSE	FALSE	TRUE
rs17707300	chr16	28593346	28593347	FALSE	FALSE	TRUE
rs1788105	chr18	67532291	67532292	FALSE	FALSE	TRUE
rs1788229	chr18	67533960	67533961	FALSE	FALSE	TRUE
rs1788232	chr18	67527608	67527609	FALSE	FALSE	TRUE
rs1790932	chr18	67533399	67533400	FALSE	FALSE	TRUE
rs1790961	chr18	67525285	67525286	FALSE	FALSE	TRUE
rs1794272	chr6	32672215	32672216	FALSE	FALSE	TRUE
rs1794277	chr6	32668662	32668663	TRUE	FALSE	TRUE
rs1794279	chr6	32667594	32667595	FALSE	FALSE	TRUE
rs1794280	chr6	32667170	32667171	FALSE	FALSE	TRUE
rs1794282	chr6	32666525	32666526	FALSE	FALSE	TRUE
rs1794283	chr6	32666357	32666358	FALSE	FALSE	TRUE
rs1794511	chr6	32671206	32671207	FALSE	FALSE	TRUE
rs1794519	chr6	32662472	32662473	FALSE	FALSE	TRUE
rs1794528	chr6	32672438	32672439	FALSE	FALSE	TRUE
rs1794530	chr6	32671799	32671800	FALSE	FALSE	TRUE
rs1800668	chr3	49395756	49395757	FALSE	FALSE	TRUE
rs1801143	chr3	49570199	49570200	FALSE	FALSE	TRUE
rs1808094	chr18	67526025	67526026	FALSE	FALSE	TRUE
rs184458383	chr16	75249551	75249552	FALSE	FALSE	TRUE
rs1848763	chrX	153950634	153950635	FALSE	FALSE	TRUE
rs189278832	chr16	28539385	28539386	FALSE	FALSE	TRUE
rs1893217	chr18	12809339	12809340	FALSE	FALSE	TRUE
rs193471	chr22	30447304	30447305	FALSE	FALSE	TRUE
rs193474	chr22	30449093	30449094	FALSE	FALSE	TRUE
rs193475	chr22	30450491	30450492	FALSE	FALSE	TRUE
rs193476	chr22	30450520	30450521	FALSE	FALSE	TRUE
rs193778	chr16	11351210	11351211	TRUE	FALSE	TRUE
rs193779	chr16	11350964	11350965	TRUE	FALSE	TRUE
rs194749	chr14	69273904	69273905	TRUE	FALSE	FALSE
rs1970	chr6	30125542	30125543	FALSE	FALSE	TRUE
rs1980493	chr6	32363214	32363215	FALSE	FALSE	TRUE
rs1987305	chr6	32401995	32401996	FALSE	FALSE	TRUE
rs1987628	chr3	49399258	49399259	FALSE	FALSE	TRUE
rs1989870	chr22	30472253	30472254	FALSE	FALSE	TRUE
rs2014857	chr18	12774325	12774326	FALSE	FALSE	TRUE
rs2023473	chr6	30075612	30075613	FALSE	FALSE	TRUE
rs2027299	chr6	126685826	126685827	FALSE	FALSE	TRUE
rs2039735	chr6	126745075	126745076	FALSE	FALSE	TRUE
rs2077031	chr16	28603167	28603168	FALSE	FALSE	TRUE
rs2106480	chr16	28537970	28537971	FALSE	FALSE	TRUE
rs2152876	chr6	126761227	126761228	FALSE	FALSE	TRUE
rs2156309	chr21	43824528	43824529	TRUE	FALSE	FALSE
rs2157332	chr6	32392660	32392661	FALSE	FALSE	TRUE
rs2157678	chr6	30128948	30128949	FALSE	FALSE	TRUE
rs2184968	chr6	126760993	126760994	FALSE	FALSE	TRUE
rs2187818	chr6	32395567	32395568	FALSE	FALSE	TRUE
rs2194225	chr5	35883803	35883804	TRUE	FALSE	FALSE
rs2194226	chr5	35883756	35883757	TRUE	FALSE	FALSE
rs2210913	chr1	157668992	157668993	FALSE	FALSE	TRUE
rs2227138	chr6	32384499	32384500	FALSE	FALSE	TRUE
rs2237096	chr6	36008001	36008002	FALSE	FALSE	TRUE
rs2239529	chr6	30078329	30078330	FALSE	FALSE	TRUE
rs2241878	chr2	234183717	234183718	FALSE	FALSE	TRUE
rs2241879	chr2	234183467	234183468	FALSE	FALSE	TRUE
rs2241880	chr2	234183367	234183368	FALSE	FALSE	TRUE
rs2245420	chr6	30082687	30082688	FALSE	FALSE	TRUE
rs2249099	chr6	30079306	30079307	FALSE	FALSE	TRUE
rs2251396	chr6	31364706	31364707	TRUE	FALSE	TRUE
rs2271194	chr12	56477693	56477694	FALSE	FALSE	TRUE
rs2277799	chr21	43824122	43824123	TRUE	FALSE	FALSE
rs2281808	chr20	1610550	1610551	FALSE	FALSE	TRUE
rs2289472	chr2	234182239	234182240	FALSE	FALSE	TRUE
rs2289474	chr2	234181847	234181848	FALSE	FALSE	TRUE
rs2289702	chr15	79237292	79237293	FALSE	FALSE	TRUE
rs2290400	chr17	38066239	38066240	FALSE	FALSE	TRUE
rs2292239	chr12	56482179	56482180	FALSE	FALSE	TRUE
rs229531	chr22	37585735	37585736	FALSE	FALSE	TRUE
rs229533	chr22	37587110	37587111	FALSE	FALSE	TRUE
rs229536	chr22	37589868	37589869	TRUE	FALSE	TRUE
rs229540	chr22	37591289	37591290	FALSE	FALSE	TRUE
rs229541	chr22	37591317	37591318	FALSE	FALSE	TRUE
rs229542	chr22	37592105	37592106	TRUE	FALSE	TRUE
rs229544	chr22	37593079	37593080	TRUE	TRUE	TRUE
rs229562	chr22	37599064	37599065	FALSE	FALSE	TRUE
rs2304256	chr19	10475651	10475652	FALSE	FALSE	TRUE
rs231976	chr16	28545586	28545587	FALSE	FALSE	TRUE
rs231977	chr16	28542171	28542172	FALSE	FALSE	TRUE
rs2326387	chr6	126680488	126680489	FALSE	FALSE	TRUE
rs2358994	chr1	114429460	114429461	FALSE	FALSE	TRUE
rs2358995	chr1	114429514	114429515	FALSE	FALSE	TRUE
rs2395151	chr6	32343338	32343339	FALSE	FALSE	TRUE
rs2395158	chr6	32374594	32374595	FALSE	FALSE	TRUE
rs2395160	chr6	32387431	32387432	FALSE	FALSE	TRUE
rs240702	chr16	28531352	28531353	FALSE	FALSE	TRUE
rs240704	chr16	28529948	28529949	FALSE	FALSE	TRUE
rs240705	chr16	28529715	28529716	FALSE	FALSE	TRUE
rs240707	chr16	28524611	28524612	FALSE	FALSE	TRUE
rs2412972	chr22	30519824	30519825	FALSE	FALSE	TRUE
rs2412976	chr22	30567906	30567907	FALSE	FALSE	TRUE
rs2427749	chr6	30078887	30078888	FALSE	FALSE	TRUE
rs2456973	chr12	56416927	56416928	FALSE	FALSE	TRUE
rs2517595	chr6	30084548	30084549	FALSE	FALSE	TRUE
rs2517596	chr6	30083854	30083855	FALSE	FALSE	TRUE
rs2517597	chr6	30081188	30081189	FALSE	FALSE	TRUE
rs2517598	chr6	30080273	30080274	FALSE	FALSE	TRUE
rs2523976	chr6	30084695	30084696	FALSE	FALSE	TRUE
rs2523977	chr6	30084504	30084505	FALSE	FALSE	TRUE
rs2523978	chr6	30083707	30083708	FALSE	FALSE	TRUE
rs2523979	chr6	30083514	30083515	FALSE	FALSE	TRUE
rs2523984	chr6	30082002	30082003	FALSE	FALSE	TRUE
rs2523985	chr6	30081333	30081334	FALSE	FALSE	TRUE
rs2523986	chr6	30081245	30081246	FALSE	FALSE	TRUE
rs2523987	chr6	30079992	30079993	FALSE	FALSE	TRUE
rs2523988	chr6	30079128	30079129	FALSE	FALSE	TRUE
rs2523989	chr6	30078274	30078275	FALSE	FALSE	TRUE
rs2542147	chr18	12775850	12775851	FALSE	FALSE	TRUE
rs2542148	chr18	12777572	12777573	FALSE	FALSE	TRUE
rs2542149	chr18	12779017	12779018	FALSE	FALSE	TRUE
rs2542150	chr18	12779762	12779763	FALSE	FALSE	TRUE
rs2542151	chr18	12779946	12779947	FALSE	FALSE	TRUE
rs2647004	chr6	32659608	32659609	FALSE	FALSE	TRUE
rs2647019	chr6	32663354	32663355	FALSE	FALSE	TRUE
rs26528	chr16	28517708	28517709	FALSE	FALSE	TRUE
rs2664170	chrX	153945601	153945602	FALSE	FALSE	TRUE
rs2664172	chrX	153949613	153949614	TRUE	FALSE	TRUE
rs2726036	chr16	28347139	28347140	FALSE	FALSE	TRUE
rs2728723	chrX	153948686	153948687	TRUE	FALSE	TRUE
rs281377	chr19	49206602	49206603	FALSE	FALSE	TRUE
rs2844789	chr6	30112794	30112795	FALSE	FALSE	TRUE
rs2844790	chr6	30094112	30094113	FALSE	FALSE	TRUE
rs2844791	chr6	30088742	30088743	FALSE	FALSE	TRUE
rs2847260	chr18	12775590	12775591	FALSE	FALSE	TRUE
rs2847274	chr18	12777602	12777603	FALSE	FALSE	TRUE
rs2847278	chr18	12778714	12778715	FALSE	FALSE	TRUE
rs2847280	chr18	12779341	12779342	FALSE	FALSE	TRUE
rs2847293	chr18	12782447	12782448	FALSE	FALSE	TRUE
rs2854275	chr6	32628427	32628428	TRUE	FALSE	TRUE
rs2854277	chr6	32628083	32628084	TRUE	FALSE	TRUE
rs2856674	chr6	32659644	32659645	FALSE	FALSE	TRUE
rs2857595	chr6	31568468	31568469	FALSE	FALSE	TRUE
rs2858483	chr22	37586671	37586672	FALSE	FALSE	TRUE
rs2858484	chr22	37586675	37586676	FALSE	FALSE	TRUE
rs286487	chr10	90030118	90030119	FALSE	FALSE	TRUE
rs28655102	chr15	79232699	79232700	FALSE	FALSE	TRUE
rs28690217	chr16	75260328	75260329	FALSE	FALSE	TRUE
rs28698667	chr16	28533070	28533071	TRUE	FALSE	TRUE
rs2870085	chr15	79234267	79234268	FALSE	FALSE	TRUE
rs2870463	chr16	75250716	75250717	FALSE	FALSE	TRUE
rs28772958	chr16	28535304	28535305	TRUE	FALSE	TRUE
rs2894251	chr6	32343235	32343236	FALSE	FALSE	TRUE
rs2894254	chr6	32345688	32345689	FALSE	FALSE	TRUE
rs2899147	chr22	30533064	30533065	FALSE	FALSE	TRUE
rs2903692	chr16	11238782	11238783	FALSE	FALSE	TRUE
rs2917916	chr2	25316335	25316336	FALSE	FALSE	TRUE
rs2918630	chr2	25314185	25314186	FALSE	FALSE	TRUE
rs3018275	chr18	67525856	67525857	FALSE	FALSE	TRUE
rs3024493	chr1	206943967	206943968	TRUE	TRUE	FALSE
rs3024495	chr1	206942412	206942413	TRUE	FALSE	FALSE
rs3024505	chr1	206939903	206939904	TRUE	TRUE	FALSE
rs3087243	chr2	204738918	204738919	TRUE	FALSE	TRUE
rs3117097	chr6	32358688	32358689	FALSE	FALSE	TRUE
rs3117103	chr6	32349556	32349557	FALSE	FALSE	TRUE
rs3129716	chr6	32657435	32657436	TRUE	TRUE	TRUE
rs3129719	chr6	32661778	32661779	FALSE	FALSE	TRUE
rs3129720	chr6	32663630	32663631	FALSE	FALSE	TRUE
rs3129726	chr6	32678205	32678206	FALSE	FALSE	TRUE
rs3129950	chr6	32358200	32358201	FALSE	FALSE	TRUE
rs3129953	chr6	32361820	32361821	FALSE	FALSE	TRUE
rs3129956	chr6	32368461	32368462	FALSE	FALSE	TRUE
rs3129959	chr6	32375795	32375796	FALSE	FALSE	TRUE
rs3129963	chr6	32380207	32380208	FALSE	FALSE	TRUE
rs3129965	chr6	32380829	32380830	FALSE	FALSE	TRUE
rs3129966	chr6	32381279	32381280	FALSE	FALSE	TRUE
rs3130288	chr6	32096000	32096001	FALSE	FALSE	TRUE
rs3130632	chr6	31562763	31562764	FALSE	FALSE	TRUE
rs3131296	chr6	32172992	32172993	FALSE	FALSE	TRUE
rs3132941	chr6	32131971	32131972	FALSE	FALSE	TRUE
rs3134942	chr6	32168770	32168771	FALSE	FALSE	TRUE
rs3134962	chr6	32107850	32107851	FALSE	FALSE	TRUE
rs3134966	chr6	32674297	32674298	FALSE	FALSE	TRUE
rs3134968	chr6	32674058	32674059	FALSE	FALSE	TRUE
rs3134969	chr6	32674026	32674027	FALSE	FALSE	TRUE
rs3135001	chr6	32670135	32670136	FALSE	FALSE	TRUE
rs3135002	chr6	32668438	32668439	TRUE	FALSE	TRUE
rs3135006	chr6	32667118	32667119	FALSE	FALSE	TRUE
rs3135461	chr6	32680121	32680122	FALSE	FALSE	TRUE
rs313839	chr19	47221556	47221557	FALSE	FALSE	TRUE
rs313841	chr19	47223948	47223949	FALSE	FALSE	TRUE
rs33999320	chr7	50470377	50470378	FALSE	FALSE	TRUE
rs33999608	chr3	49611659	49611660	FALSE	FALSE	TRUE
rs34143578	chr5	35884203	35884204	TRUE	FALSE	FALSE
rs34185821	chr4	26085479	26085480	TRUE	FALSE	FALSE
rs34196454	chr3	49563455	49563456	FALSE	FALSE	TRUE
rs34293138	chr3	49579016	49579017	FALSE	FALSE	TRUE
rs34363169	chr3	49537711	49537712	FALSE	FALSE	TRUE
rs34415530	chr12	56444631	56444632	FALSE	FALSE	TRUE
rs34427167	chr3	49610222	49610223	FALSE	FALSE	TRUE
rs34544259	chr21	43834853	43834854	TRUE	FALSE	FALSE
rs34588335	chr3	49407659	49407660	FALSE	FALSE	TRUE
rs34593439	chr15	79234956	79234957	FALSE	FALSE	TRUE
rs34720006	chr16	11243454	11243455	FALSE	FALSE	TRUE
rs34725611	chr19	10477066	10477067	FALSE	FALSE	TRUE
rs34843303	chr15	79234469	79234470	FALSE	FALSE	TRUE
rs34920518	chr18	12783085	12783086	FALSE	FALSE	TRUE
rs35024166	chr3	49456100	49456101	TRUE	FALSE	TRUE
rs35115732	chr3	49475154	49475155	FALSE	FALSE	TRUE
rs35153695	chr18	12808465	12808466	FALSE	FALSE	TRUE
rs35169793	chr3	49423273	49423274	TRUE	FALSE	TRUE
rs35175818	chr16	28608745	28608746	FALSE	FALSE	TRUE
rs35214995	chr6	36059290	36059291	FALSE	FALSE	TRUE
rs35261698	chr3	49537838	49537839	FALSE	FALSE	TRUE
rs35350651	chr12	111907430	111907431	FALSE	FALSE	TRUE
rs35615287	chr15	38846341	38846342	FALSE	FALSE	TRUE
rs35999162	chr3	49597229	49597230	FALSE	FALSE	TRUE
rs36001488	chr2	234185266	234185267	FALSE	FALSE	TRUE
rs36027443	chr15	38846346	38846347	FALSE	FALSE	TRUE
rs367364	chr6	32019945	32019946	FALSE	FALSE	TRUE
rs369637	chr6	32025862	32025863	FALSE	FALSE	TRUE
rs370436986	chr6	32400832	32400833	FALSE	FALSE	TRUE
rs371095822	chr18	67529963	67529964	FALSE	FALSE	TRUE
rs371707645	chr6	32381851	32381852	FALSE	FALSE	TRUE
rs3730327	chr6	36027141	36027142	FALSE	FALSE	TRUE
rs3730366	chr6	36044224	36044225	FALSE	FALSE	TRUE
rs3741204	chr11	2169907	2169908	FALSE	FALSE	TRUE
rs3741499	chr12	56474378	56474379	FALSE	FALSE	TRUE
rs3742887	chr14	69262440	69262441	TRUE	FALSE	FALSE
rs374397094	chr6	32405691	32405692	FALSE	FALSE	TRUE
rs3746722	chr20	1610938	1610939	FALSE	FALSE	TRUE
rs3746923	chr21	43826343	43826344	TRUE	TRUE	FALSE
rs3761959	chr1	157669277	157669278	FALSE	FALSE	TRUE
rs3761980	chr6	35993905	35993906	FALSE	FALSE	TRUE
rs376732583	chr6	36010673	36010674	FALSE	FALSE	TRUE
rs3785354	chr16	28550666	28550667	FALSE	FALSE	TRUE
rs3792108	chr2	234184951	234184952	FALSE	FALSE	TRUE
rs3792109	chr2	234184416	234184417	FALSE	FALSE	TRUE
rs3792111	chr2	234179689	234179690	FALSE	FALSE	TRUE
rs3792112	chr2	234176608	234176609	FALSE	FALSE	TRUE
rs3801831	chr7	26853469	26853470	TRUE	FALSE	FALSE
rs3804451	chr6	36077960	36077961	FALSE	FALSE	TRUE
rs3811697	chr3	49590769	49590770	FALSE	FALSE	TRUE
rs3811699	chr3	49396359	49396360	FALSE	FALSE	TRUE
rs3816234	chr2	234185998	234185999	FALSE	FALSE	TRUE
rs3825932	chr15	79235445	79235446	FALSE	FALSE	TRUE
rs3828309	chr2	234180409	234180410	FALSE	FALSE	TRUE
rs3828805	chr6	32636119	32636120	TRUE	FALSE	FALSE
rs3830058	chr6	32634009	32634010	TRUE	FALSE	FALSE
rs3842729	chr11	2184335	2184336	FALSE	FALSE	TRUE
rs3842748	chr11	2181394	2181395	TRUE	FALSE	FALSE
rs3842752	chr11	2181072	2181073	FALSE	FALSE	TRUE
rs3842755	chr11	2180795	2180796	FALSE	FALSE	TRUE
rs3842756	chr11	2180771	2180772	FALSE	FALSE	TRUE
rs389884	chr6	31940896	31940897	TRUE	FALSE	TRUE
rs3926569	chr3	49558715	49558716	FALSE	FALSE	TRUE
rs394439	chr6	32025554	32025555	FALSE	FALSE	TRUE
rs402072	chr19	47219121	47219122	FALSE	FALSE	TRUE
rs4115668	chr16	28607531	28607532	FALSE	FALSE	TRUE
rs41271263	chr6	36020158	36020159	TRUE	FALSE	TRUE
rs41290504	chr10	101293034	101293035	FALSE	FALSE	TRUE
rs41295061	chr10	6114659	6114660	TRUE	FALSE	FALSE
rs4132601	chr7	50470603	50470604	FALSE	FALSE	TRUE
rs4149398	chr16	28608937	28608938	TRUE	FALSE	TRUE
rs4149406	chr16	28607069	28607070	FALSE	FALSE	TRUE
rs425105	chr19	47208480	47208481	FALSE	FALSE	TRUE
rs4254288	chr15	79234122	79234123	FALSE	FALSE	TRUE
rs4311549	chr6	32635090	32635091	FALSE	FALSE	TRUE
rs4321864	chr6	32399186	32399187	FALSE	FALSE	TRUE
rs4322688	chr16	11238990	11238991	FALSE	FALSE	TRUE
rs4336042	chr22	30552510	30552511	FALSE	FALSE	TRUE
rs4348358	chr6	32399091	32399092	FALSE	FALSE	TRUE
rs4403294	chr6	32634921	32634922	FALSE	FALSE	TRUE
rs45450798	chr18	12792939	12792940	FALSE	FALSE	TRUE
rs4612206	chr6	32404092	32404093	FALSE	FALSE	TRUE
rs4625	chr3	49572139	49572140	FALSE	FALSE	TRUE
rs475868	chr2	25318058	25318059	FALSE	FALSE	TRUE
rs4759229	chr12	56474479	56474480	TRUE	TRUE	TRUE
rs4763879	chr12	9910163	9910164	FALSE	FALSE	TRUE
rs4766578	chr12	111904370	111904371	FALSE	FALSE	TRUE
rs4778716	chr15	79233625	79233626	FALSE	FALSE	TRUE
rs478222	chr2	25301754	25301755	TRUE	TRUE	TRUE
rs4787455	chr16	28589454	28589455	FALSE	FALSE	TRUE
rs4787456	chr16	28559572	28559573	FALSE	FALSE	TRUE
rs4787457	chr16	28555399	28555400	FALSE	FALSE	TRUE
rs4787458	chr16	28531286	28531287	FALSE	FALSE	TRUE
rs4788073	chr16	28594548	28594549	FALSE	FALSE	TRUE
rs4788074	chr16	28593596	28593597	FALSE	FALSE	TRUE
rs4788076	chr16	28570004	28570005	FALSE	FALSE	TRUE
rs4788077	chr16	28569763	28569764	FALSE	FALSE	TRUE
rs4788078	chr16	28559980	28559981	FALSE	FALSE	TRUE
rs4788080	chr16	28558080	28558081	FALSE	FALSE	TRUE
rs4788081	chr16	28556146	28556147	FALSE	FALSE	TRUE
rs4788083	chr16	28545448	28545449	FALSE	FALSE	TRUE
rs4788084	chr16	28539847	28539848	TRUE	TRUE	TRUE
rs4788085	chr16	28535002	28535003	FALSE	FALSE	TRUE
rs4820830	chr22	30531090	30531091	FALSE	FALSE	TRUE
rs4823076	chr22	30519413	30519414	FALSE	FALSE	TRUE
rs483428	chr2	25305135	25305136	FALSE	FALSE	TRUE
rs487617	chr2	25309755	25309756	FALSE	FALSE	TRUE
rs488817	chr2	25332695	25332696	FALSE	FALSE	TRUE
rs4890092	chr17	38786450	38786451	FALSE	FALSE	TRUE
rs4890117	chr17	38778487	38778488	FALSE	FALSE	TRUE
rs4891780	chr18	67524382	67524383	FALSE	FALSE	TRUE
rs4895807	chr6	126686512	126686513	FALSE	FALSE	TRUE
rs4897178	chr6	126727907	126727908	FALSE	FALSE	TRUE
rs4897181	chr6	126753563	126753564	FALSE	FALSE	TRUE
rs492393	chr2	25315510	25315511	FALSE	FALSE	TRUE
rs4924273	chr15	38846737	38846738	TRUE	FALSE	TRUE
rs4929966	chr11	2197435	2197436	TRUE	FALSE	TRUE
rs497309	chr6	31892483	31892484	FALSE	FALSE	TRUE
rs497567	chr2	25335088	25335089	TRUE	FALSE	TRUE
rs510107	chr2	25319470	25319471	FALSE	FALSE	TRUE
rs512419	chr2	25310154	25310155	FALSE	FALSE	TRUE
rs516246	chr19	49206171	49206172	FALSE	FALSE	TRUE
rs516316	chr19	49206144	49206145	FALSE	FALSE	TRUE
rs519111	chr2	25333734	25333735	FALSE	FALSE	TRUE
rs522806	chr2	25316583	25316584	FALSE	FALSE	TRUE
rs530951	chr2	25307004	25307005	FALSE	FALSE	TRUE
rs546217	chr2	25311536	25311537	FALSE	FALSE	TRUE
rs55792032	chr16	28599410	28599411	FALSE	FALSE	TRUE
rs55870745	chr16	11355101	11355102	FALSE	FALSE	TRUE
rs55926010	chr2	234170325	234170326	TRUE	FALSE	TRUE
rs56044978	chr6	36083103	36083104	FALSE	FALSE	TRUE
rs56059109	chr6	36025306	36025307	FALSE	FALSE	TRUE
rs56059718	chr15	38836776	38836777	FALSE	FALSE	TRUE
rs56069754	chr16	11362639	11362640	FALSE	FALSE	TRUE
rs56133220	chr6	36032667	36032668	FALSE	FALSE	TRUE
rs56156688	chr6	35995632	35995633	FALSE	FALSE	TRUE
rs56177096	chr7	50462403	50462404	FALSE	FALSE	TRUE
rs56209193	chr16	28585635	28585636	FALSE	FALSE	TRUE
rs56272201	chr16	28580684	28580685	FALSE	FALSE	TRUE
rs56327416	chr6	36056854	36056855	FALSE	FALSE	TRUE
rs56350515	chr16	11355103	11355104	FALSE	FALSE	TRUE
rs56354901	chr16	28523143	28523144	FALSE	FALSE	TRUE
rs56362075	chr6	36041136	36041137	FALSE	FALSE	TRUE
rs56380902	chr17	38066371	38066372	FALSE	FALSE	TRUE
rs56396270	chr16	28580828	28580829	FALSE	FALSE	TRUE
rs56413204	chr6	36004901	36004902	FALSE	FALSE	TRUE
rs564667	chr2	25310859	25310860	FALSE	FALSE	TRUE
rs56715462	chr6	36011648	36011649	FALSE	FALSE	TRUE
rs5753008	chr22	30472747	30472748	FALSE	FALSE	TRUE
rs5753025	chr22	30542156	30542157	FALSE	FALSE	TRUE
rs5753037	chr22	30581721	30581722	FALSE	FALSE	TRUE
rs5763751	chr22	30460433	30460434	FALSE	FALSE	TRUE
rs5763775	chr22	30503006	30503007	FALSE	FALSE	TRUE
rs5763790	chr22	30522412	30522413	FALSE	FALSE	TRUE
rs5763797	chr22	30530124	30530125	FALSE	FALSE	TRUE
rs5763842	chr22	30568737	30568738	FALSE	FALSE	TRUE
rs58390233	chr6	36005099	36005100	FALSE	FALSE	TRUE
rs5845323	chr22	37583731	37583732	FALSE	FALSE	TRUE
rs58583792	chr6	36000701	36000702	FALSE	FALSE	TRUE
rs59409959	chr16	75249312	75249313	FALSE	FALSE	TRUE
rs5945233	chrX	153939324	153939325	FALSE	FALSE	TRUE
rs5987015	chrX	153947980	153947981	TRUE	FALSE	TRUE
rs60100837	chr6	36032087	36032088	FALSE	FALSE	TRUE
rs60254670	chr15	79229958	79229959	FALSE	FALSE	TRUE
rs60342497	chr6	36061460	36061461	FALSE	FALSE	TRUE
rs6043409	chr20	1616205	1616206	FALSE	FALSE	TRUE
rs60470336	chr16	75248569	75248570	FALSE	FALSE	TRUE
rs60474474	chr18	12792735	12792736	FALSE	FALSE	TRUE
rs60481532	chr6	35994941	35994942	FALSE	FALSE	TRUE
rs60652743	chr19	47205706	47205707	FALSE	FALSE	TRUE
rs60735058	chr18	12795469	12795470	FALSE	FALSE	TRUE
rs60751993	chr18	12795419	12795420	FALSE	FALSE	TRUE
rs60909394	chr6	36054931	36054932	FALSE	FALSE	TRUE
rs6110697	chr20	1615660	1615661	FALSE	FALSE	TRUE
rs61195139	chr6	36046225	36046226	FALSE	FALSE	TRUE
rs61212706	chr6	36039430	36039431	FALSE	FALSE	TRUE
rs61364424	chr6	36031905	36031906	FALSE	FALSE	TRUE
rs61457395	chr9	136145906	136145907	FALSE	FALSE	TRUE
rs61634868	chr16	75249272	75249273	FALSE	FALSE	TRUE
rs61763101	chr6	35996412	35996413	FALSE	FALSE	TRUE
rs62026379	chr16	11241805	11241806	TRUE	FALSE	TRUE
rs62031560	chr16	28605914	28605915	FALSE	FALSE	TRUE
rs62031562	chr16	28609328	28609329	TRUE	TRUE	TRUE
rs62034318	chr16	28527220	28527221	FALSE	FALSE	TRUE
rs62034319	chr16	28532187	28532188	TRUE	FALSE	TRUE
rs62034321	chr16	28534037	28534038	FALSE	FALSE	TRUE
rs62034322	chr16	28535833	28535834	FALSE	FALSE	TRUE
rs62034323	chr16	28536472	28536473	TRUE	FALSE	TRUE
rs62034325	chr16	28538639	28538640	TRUE	FALSE	TRUE
rs62034326	chr16	28539292	28539293	FALSE	FALSE	TRUE
rs62034350	chr16	28562255	28562256	FALSE	FALSE	TRUE
rs62034351	chr16	28565488	28565489	FALSE	FALSE	TRUE
rs62034355	chr16	28581037	28581038	FALSE	FALSE	TRUE
rs62034358	chr16	28587596	28587597	FALSE	FALSE	TRUE
rs62034359	chr16	28600090	28600091	FALSE	FALSE	TRUE
rs62445866	chr7	50472323	50472324	FALSE	FALSE	TRUE
rs62447205	chr7	50465829	50465830	FALSE	FALSE	TRUE
rs6446264	chr3	49417242	49417243	FALSE	FALSE	TRUE
rs6446272	chr3	49463286	49463287	FALSE	FALSE	TRUE
rs6446277	chr3	49473076	49473077	FALSE	FALSE	TRUE
rs64547	chr22	37592503	37592504	FALSE	FALSE	TRUE
rs6457878	chr6	36076279	36076280	FALSE	FALSE	TRUE
rs6495979	chr15	38847358	38847359	FALSE	FALSE	TRUE
rs653178	chr12	112007755	112007756	TRUE	FALSE	FALSE
rs6564232	chr16	75247825	75247826	FALSE	FALSE	TRUE
rs6564233	chr16	75248281	75248282	FALSE	FALSE	TRUE
rs6564234	chr16	75249686	75249687	FALSE	FALSE	TRUE
rs6564235	chr16	75249753	75249754	FALSE	FALSE	TRUE
rs6564236	chr16	75249890	75249891	FALSE	FALSE	TRUE
rs6564237	chr16	75249978	75249979	FALSE	FALSE	TRUE
rs657152	chr9	136139264	136139265	FALSE	FALSE	TRUE
rs66473537	chr16	75250861	75250862	FALSE	FALSE	TRUE
rs66535165	chr16	75247082	75247083	FALSE	FALSE	TRUE
rs66881382	chr16	75248760	75248761	FALSE	FALSE	TRUE
rs6708373	chr2	234172845	234172846	FALSE	FALSE	TRUE
rs67216675	chr3	49493150	49493151	FALSE	FALSE	TRUE
rs67478528	chr16	75247166	75247167	FALSE	FALSE	TRUE
rs67485053	chr3	49405163	49405164	FALSE	FALSE	TRUE
rs6766131	chr3	49538931	49538932	FALSE	FALSE	TRUE
rs6766581	chr3	49539400	49539401	FALSE	FALSE	TRUE
rs6767355	chr3	49504094	49504095	FALSE	FALSE	TRUE
rs6779524	chr3	49450448	49450449	FALSE	FALSE	TRUE
rs6793308	chr3	49424282	49424283	FALSE	FALSE	TRUE
rs679574	chr19	49206107	49206108	FALSE	FALSE	TRUE
rs67957462	chr11	2212447	2212448	TRUE	FALSE	FALSE
rs6797664	chr3	49539221	49539222	FALSE	FALSE	TRUE
rs68037604	chr11	2212486	2212487	TRUE	TRUE	FALSE
rs6809216	chr3	49412558	49412559	FALSE	FALSE	TRUE
rs681343	chr19	49206461	49206462	FALSE	FALSE	TRUE
rs6908622	chr6	36053146	36053147	FALSE	FALSE	TRUE
rs6910685	chr6	36048416	36048417	FALSE	FALSE	TRUE
rs6914570	chr6	36061262	36061263	FALSE	FALSE	TRUE
rs6919397	chr6	126659042	126659043	FALSE	FALSE	TRUE
rs6921999	chr6	36019927	36019928	TRUE	FALSE	TRUE
rs6930333	chr6	36014587	36014588	FALSE	FALSE	TRUE
rs6932598	chr6	35999079	35999080	FALSE	FALSE	TRUE
rs6934216	chr6	36027632	36027633	FALSE	FALSE	TRUE
rs6936327	chr6	36069874	36069875	FALSE	FALSE	TRUE
rs6960400	chr7	50466796	50466797	FALSE	FALSE	TRUE
rs6973210	chr7	50466694	50466695	FALSE	FALSE	TRUE
rs6997	chr3	49453833	49453834	TRUE	TRUE	TRUE
rs705704	chr12	56435411	56435412	FALSE	FALSE	TRUE
rs7094781	chr10	90036911	90036912	FALSE	FALSE	TRUE
rs710410	chr16	28603341	28603342	FALSE	FALSE	TRUE
rs71324962	chr3	49487486	49487487	FALSE	FALSE	TRUE
rs71324979	chr3	49619650	49619651	FALSE	FALSE	TRUE
rs71627385	chr3	49432525	49432526	FALSE	FALSE	TRUE
rs7170151	chr15	38846677	38846678	TRUE	FALSE	TRUE
rs7186573	chr16	28587388	28587389	FALSE	FALSE	TRUE
rs7187604	chr16	28565952	28565953	FALSE	FALSE	TRUE
rs7190771	chr16	28590029	28590030	FALSE	FALSE	TRUE
rs7193402	chr16	28586126	28586127	FALSE	FALSE	TRUE
rs7195852	chr16	75247257	75247258	FALSE	FALSE	TRUE
rs7197746	chr16	75248379	75248380	FALSE	FALSE	TRUE
rs7202844	chr16	75247390	75247391	FALSE	FALSE	TRUE
rs7202858	chr16	75247409	75247410	FALSE	FALSE	TRUE
rs7202877	chr16	75247244	75247245	FALSE	FALSE	TRUE
rs7203793	chr16	11182133	11182134	TRUE	TRUE	FALSE
rs7204099	chr16	11181755	11181756	TRUE	FALSE	FALSE
rs7221109	chr17	38770285	38770286	FALSE	FALSE	TRUE
rs7223136	chr17	38765514	38765515	FALSE	FALSE	TRUE
rs7237497	chr18	12777324	12777325	FALSE	FALSE	TRUE
rs7244202	chr18	67527700	67527701	FALSE	FALSE	TRUE
rs727088	chr18	67530438	67530439	FALSE	FALSE	TRUE
rs72727394	chr15	38847021	38847022	FALSE	FALSE	TRUE
rs72743477	chr15	67464290	67464291	FALSE	FALSE	TRUE
rs72771866	chr16	11355221	11355222	FALSE	FALSE	TRUE
rs72802357	chr16	75243141	75243142	FALSE	FALSE	TRUE
rs72802365	chr16	75246034	75246035	FALSE	FALSE	TRUE
rs72802372	chr16	75248661	75248662	FALSE	FALSE	TRUE
rs72802375	chr16	75248792	75248793	FALSE	FALSE	TRUE
rs72853903	chr11	2198664	2198665	FALSE	FALSE	TRUE
rs7287570	chr22	30507357	30507358	FALSE	FALSE	TRUE
rs7297175	chr12	56473807	56473808	FALSE	FALSE	TRUE
rs73069541	chr7	26904927	26904928	FALSE	FALSE	TRUE
rs73407868	chr6	36022310	36022311	FALSE	FALSE	TRUE
rs73407870	chr6	36028246	36028247	FALSE	FALSE	TRUE
rs73407871	chr6	36028642	36028643	FALSE	FALSE	TRUE
rs73407876	chr6	36033919	36033920	FALSE	FALSE	TRUE
rs73409842	chr6	36051412	36051413	FALSE	FALSE	TRUE
rs73729685	chr6	36011072	36011073	FALSE	FALSE	TRUE
rs73729698	chr6	36022640	36022641	FALSE	FALSE	TRUE
rs73730437	chr6	36036511	36036512	FALSE	FALSE	TRUE
rs73730440	chr6	36037225	36037226	FALSE	FALSE	TRUE
rs73730459	chr6	36085002	36085003	FALSE	FALSE	TRUE
rs737391	chr10	90016795	90016796	FALSE	FALSE	TRUE
rs743590	chr16	28608229	28608230	TRUE	TRUE	TRUE
rs7513707	chr1	114445879	114445880	FALSE	FALSE	TRUE
rs7528684	chr1	157670815	157670816	FALSE	FALSE	TRUE
rs7547478	chr1	114431462	114431463	FALSE	FALSE	TRUE
rs75539558	chr16	28595809	28595810	FALSE	FALSE	TRUE
rs7559194	chr2	234206798	234206799	FALSE	FALSE	TRUE
rs7565213	chr2	204743408	204743409	FALSE	FALSE	TRUE
rs757411	chr17	38775149	38775150	FALSE	FALSE	TRUE
rs76171341	chr6	36051199	36051200	FALSE	FALSE	TRUE
rs7622302	chr3	49547560	49547561	FALSE	FALSE	TRUE
rs7623659	chr3	49414790	49414791	FALSE	FALSE	TRUE
rs762633	chr16	28608340	28608341	TRUE	TRUE	TRUE
rs762634	chr16	28603334	28603335	FALSE	FALSE	TRUE
rs7630869	chr3	49522542	49522543	FALSE	FALSE	TRUE
rs7633271	chr3	49555962	49555963	FALSE	FALSE	TRUE
rs763361	chr18	67531641	67531642	FALSE	FALSE	TRUE
rs76361611	chr11	2212583	2212584	TRUE	FALSE	FALSE
rs7646366	chr3	49470667	49470668	FALSE	FALSE	TRUE
rs7648841	chr3	49416824	49416825	FALSE	FALSE	TRUE
rs76703794	chr6	36051198	36051199	FALSE	FALSE	TRUE
rs7720838	chr5	40486895	40486896	TRUE	FALSE	FALSE
rs7725052	chr5	40487269	40487270	TRUE	TRUE	FALSE
rs772921	chr12	56403576	56403577	FALSE	FALSE	TRUE
rs7731626	chr5	55444682	55444683	TRUE	TRUE	FALSE
rs7745082	chr6	36065621	36065622	FALSE	FALSE	TRUE
rs7745536	chr6	36005690	36005691	FALSE	FALSE	TRUE
rs7745927	chr6	36005674	36005675	FALSE	FALSE	TRUE
rs7747846	chr6	36038883	36038884	FALSE	FALSE	TRUE
rs7748078	chr6	36048009	36048010	FALSE	FALSE	TRUE
rs7752459	chr6	36084671	36084672	FALSE	FALSE	TRUE
rs7753264	chr6	32402439	32402440	FALSE	FALSE	TRUE
rs7756262	chr6	32398674	32398675	FALSE	FALSE	TRUE
rs7759175	chr6	36013023	36013024	FALSE	FALSE	TRUE
rs7760578	chr6	36008062	36008063	FALSE	FALSE	TRUE
rs7761118	chr6	36068302	36068303	FALSE	FALSE	TRUE
rs7762483	chr6	36055940	36055941	FALSE	FALSE	TRUE
rs7764494	chr6	36081339	36081340	FALSE	FALSE	TRUE
rs7766032	chr6	36068988	36068989	FALSE	FALSE	TRUE
rs7769981	chr6	36082324	36082325	FALSE	FALSE	TRUE
rs7770183	chr6	36082572	36082573	FALSE	FALSE	TRUE
rs7771484	chr6	36062990	36062991	FALSE	FALSE	TRUE
rs7772088	chr6	36040473	36040474	FALSE	FALSE	TRUE
rs7773668	chr6	32377823	32377824	FALSE	FALSE	TRUE
rs7773756	chr6	32402463	32402464	FALSE	FALSE	TRUE
rs7774047	chr6	32398562	32398563	FALSE	FALSE	TRUE
rs7775290	chr6	36036908	36036909	FALSE	FALSE	TRUE
rs7893840	chr10	101293340	101293341	TRUE	FALSE	TRUE
rs79046494	chr16	28527325	28527326	FALSE	FALSE	TRUE
rs79062678	chr6	36058202	36058203	FALSE	FALSE	TRUE
rs79074911	chr17	38774851	38774852	FALSE	FALSE	TRUE
rs7908704	chr10	101293317	101293318	TRUE	FALSE	TRUE
rs7955865	chr12	56468705	56468706	FALSE	FALSE	TRUE
rs7997101	chr13	76334817	76334818	FALSE	FALSE	TRUE
rs80028505	chr6	35998387	35998388	FALSE	FALSE	TRUE
rs80032177	chr6	36049715	36049716	FALSE	FALSE	TRUE
rs80054410	chr21	43836009	43836010	TRUE	FALSE	FALSE
rs8011558	chr14	69263340	69263341	TRUE	FALSE	FALSE
rs8046271	chr16	28541393	28541394	FALSE	FALSE	TRUE
rs8052763	chr16	75251658	75251659	FALSE	FALSE	TRUE
rs8053595	chr16	75252102	75252103	TRUE	FALSE	TRUE
rs8054218	chr16	75252160	75252161	TRUE	FALSE	TRUE
rs8056814	chr16	75252326	75252327	TRUE	FALSE	FALSE
rs8096138	chr18	12808139	12808140	FALSE	FALSE	TRUE
rs8176645	chr9	136149097	136149098	FALSE	FALSE	TRUE
rs839652	chr2	25334339	25334340	FALSE	FALSE	TRUE
rs877636	chr12	56480582	56480583	FALSE	FALSE	TRUE
rs886423	chr6	30782204	30782205	TRUE	FALSE	TRUE
rs886424	chr6	30782001	30782002	TRUE	TRUE	TRUE
rs886425	chr6	30781300	30781301	TRUE	FALSE	TRUE
rs888270	chr18	12774893	12774894	FALSE	FALSE	TRUE
rs905671	chr6	90983849	90983850	TRUE	FALSE	FALSE
rs917911	chr12	9905850	9905851	FALSE	FALSE	TRUE
rs9268568	chr6	32390903	32390904	FALSE	FALSE	TRUE
rs9268578	chr6	32396056	32396057	FALSE	FALSE	TRUE
rs9268579	chr6	32396449	32396450	FALSE	FALSE	TRUE
rs9268580	chr6	32396904	32396905	FALSE	FALSE	TRUE
rs9268582	chr6	32396963	32396964	FALSE	FALSE	TRUE
rs9268585	chr6	32397402	32397403	FALSE	FALSE	TRUE
rs9268588	chr6	32397793	32397794	FALSE	FALSE	TRUE
rs9268589	chr6	32398201	32398202	FALSE	FALSE	TRUE
rs9268605	chr6	32399832	32399833	FALSE	FALSE	TRUE
rs9268606	chr6	32400069	32400070	TRUE	TRUE	TRUE
rs9268607	chr6	32400537	32400538	FALSE	FALSE	TRUE
rs9268608	chr6	32400864	32400865	FALSE	FALSE	TRUE
rs9268609	chr6	32401260	32401261	FALSE	FALSE	TRUE
rs9268610	chr6	32401262	32401263	FALSE	FALSE	TRUE
rs9268613	chr6	32402691	32402692	FALSE	FALSE	TRUE
rs9268634	chr6	32406529	32406530	FALSE	FALSE	TRUE
rs9268645	chr6	32408526	32408527	FALSE	FALSE	TRUE
rs9268657	chr6	32409655	32409656	FALSE	FALSE	TRUE
rs9272346	chr6	32604371	32604372	TRUE	FALSE	FALSE
rs9273369	chr6	32626483	32626484	TRUE	FALSE	TRUE
rs9273423	chr6	32627389	32627390	TRUE	FALSE	TRUE
rs9273440	chr6	32627560	32627561	TRUE	FALSE	TRUE
rs9273442	chr6	32627581	32627582	TRUE	FALSE	TRUE
rs9273713	chr6	32629319	32629320	TRUE	FALSE	FALSE
rs9273754	chr6	32629408	32629409	TRUE	FALSE	FALSE
rs9274436	chr6	32633130	32633131	TRUE	FALSE	FALSE
rs9274464	chr6	32633488	32633489	TRUE	FALSE	FALSE
rs9274478	chr6	32633743	32633744	TRUE	FALSE	FALSE
rs9274488	chr6	32633851	32633852	TRUE	FALSE	FALSE
rs9274507	chr6	32634151	32634152	TRUE	FALSE	FALSE
rs9274526	chr6	32634484	32634485	TRUE	FALSE	TRUE
rs9274528	chr6	32634507	32634508	TRUE	FALSE	TRUE
rs9274535	chr6	32634619	32634620	TRUE	FALSE	TRUE
rs9274579	chr6	32635311	32635312	TRUE	FALSE	FALSE
rs9274626	chr6	32636039	32636040	TRUE	TRUE	FALSE
rs9274637	chr6	32636136	32636137	TRUE	FALSE	FALSE
rs9275576	chr6	32679325	32679326	FALSE	FALSE	TRUE
rs9283753	chr5	40490608	40490609	TRUE	FALSE	FALSE
rs9375435	chr6	126661857	126661858	TRUE	FALSE	FALSE
rs9388486	chr6	126661153	126661154	TRUE	TRUE	FALSE
rs945635	chr1	157670289	157670290	FALSE	FALSE	TRUE
rs947474	chr10	6390449	6390450	TRUE	FALSE	FALSE
rs9517712	chr13	100079832	100079833	TRUE	FALSE	FALSE
rs960736	chr6	32402224	32402225	FALSE	FALSE	TRUE
rs9665166	chr10	90022398	90022399	FALSE	FALSE	TRUE
rs9811982	chr3	49624376	49624377	FALSE	FALSE	TRUE
rs9814873	chr3	49454111	49454112	TRUE	TRUE	TRUE
rs9818590	chr3	49525095	49525096	FALSE	FALSE	TRUE
rs9821311	chr3	49543655	49543656	FALSE	FALSE	TRUE
rs9827021	chr3	49514763	49514764	FALSE	FALSE	TRUE
rs9837027	chr3	49597012	49597013	FALSE	FALSE	TRUE
rs9841110	chr3	49492480	49492481	FALSE	FALSE	TRUE
rs9850072	chr3	49529481	49529482	FALSE	FALSE	TRUE
rs9853683	chr3	49512587	49512588	FALSE	FALSE	TRUE
rs9858280	chr3	49597736	49597737	FALSE	FALSE	TRUE
rs9858418	chr3	49543287	49543288	FALSE	FALSE	TRUE
rs9859556	chr3	49455985	49455986	FALSE	FALSE	TRUE
rs9871380	chr3	49438220	49438221	FALSE	FALSE	TRUE
rs9875617	chr3	49634695	49634696	FALSE	FALSE	TRUE
rs9878943	chr3	49434653	49434654	FALSE	FALSE	TRUE
rs9888868	chr16	11183562	11183563	TRUE	FALSE	FALSE
rs9906785	chr17	38797408	38797409	FALSE	FALSE	TRUE
rs9911533	chr17	38775475	38775476	FALSE	FALSE	TRUE
rs9915135	chr17	38791074	38791075	FALSE	FALSE	TRUE
rs9921586	chr16	75245002	75245003	FALSE	FALSE	TRUE
rs9922412	chr16	28340784	28340785	FALSE	FALSE	TRUE
rs9936550	chr16	75242849	75242850	FALSE	FALSE	TRUE
rs9940370	chr16	75246884	75246885	FALSE	FALSE	TRUE
rs9952749	chr18	12780455	12780456	FALSE	FALSE	TRUE
rs9952753	chr18	12780462	12780463	FALSE	FALSE	TRUE
rs9952991	chr18	12780463	12780464	FALSE	FALSE	TRUE
rs9976479	chr21	43836082	43836083	TRUE	FALSE	FALSE
