ann	chr	start	end	snp_26_core_tfbs	snp_74_gtex_enh	snp_78_lncrnasnp
rs1049053	chr6	32634404	32634405	TRUE	FALSE	FALSE
rs1049055	chr6	32634386	32634387	FALSE	TRUE	FALSE
rs1049213	chr6	32627772	32627773	FALSE	TRUE	TRUE
rs1049225	chr6	32627746	32627747	FALSE	TRUE	TRUE
rs10506156	chr12	40823473	40823474	FALSE	FALSE	TRUE
rs1059491	chr16	28603654	28603655	FALSE	FALSE	TRUE
rs1063347	chr6	32627955	32627956	FALSE	TRUE	FALSE
rs10876870	chr12	56478001	56478002	TRUE	TRUE	FALSE
rs11294653	chr14	69272297	69272298	FALSE	FALSE	TRUE
rs1130456	chr6	32627378	32627379	FALSE	TRUE	FALSE
rs1130457	chr6	32627366	32627367	FALSE	TRUE	FALSE
rs11564104	chr12	40826534	40826535	FALSE	FALSE	TRUE
rs11564125	chr12	40826200	40826201	FALSE	FALSE	TRUE
rs11564170	chr12	40821846	40821847	FALSE	FALSE	TRUE
rs11564249	chr12	40820402	40820403	FALSE	FALSE	TRUE
rs116946443	chr12	40810237	40810238	FALSE	FALSE	TRUE
rs11715915	chr3	49455329	49455330	TRUE	TRUE	FALSE
rs117237084	chr12	40810176	40810177	FALSE	FALSE	TRUE
rs117372389	chr16	50668076	50668077	FALSE	FALSE	TRUE
rs117887879	chr12	40789657	40789658	FALSE	FALSE	TRUE
rs118081441	chr12	40810212	40810213	FALSE	FALSE	TRUE
rs12330269	chr3	49513909	49513910	FALSE	TRUE	FALSE
rs12412095	chr10	6113522	6113523	FALSE	FALSE	TRUE
rs12446550	chr16	28543380	28543381	FALSE	TRUE	FALSE
rs12453507	chr17	38053206	38053207	FALSE	FALSE	TRUE
rs1264349	chr6	30796658	30796659	FALSE	TRUE	FALSE
rs1264352	chr6	30789646	30789647	FALSE	TRUE	TRUE
rs1264357	chr6	30783578	30783579	FALSE	TRUE	FALSE
rs1264361	chr6	30777497	30777498	TRUE	TRUE	FALSE
rs12919083	chr16	11188929	11188930	TRUE	FALSE	FALSE
rs140643155	chr2	234170323	234170324	FALSE	TRUE	FALSE
rs142268259	chr12	40809982	40809983	FALSE	FALSE	TRUE
rs142342883	chr18	12775049	12775050	FALSE	FALSE	TRUE
rs143377635	chr12	40810108	40810109	FALSE	FALSE	TRUE
rs148698440	chr12	40787263	40787264	FALSE	FALSE	TRUE
rs149221842	chr12	40815059	40815060	FALSE	FALSE	TRUE
rs151174	chr16	28508068	28508069	FALSE	TRUE	FALSE
rs151225866	chr11	2168444	2168445	FALSE	FALSE	TRUE
rs151234	chr16	28505659	28505660	FALSE	TRUE	FALSE
rs1605895	chrX	153949792	153949793	FALSE	TRUE	FALSE
rs17444744	chr12	40807875	40807876	FALSE	FALSE	TRUE
rs17467144	chr12	40810160	40810161	FALSE	FALSE	TRUE
rs17467164	chr12	40814196	40814197	FALSE	FALSE	TRUE
rs17467263	chr12	40821277	40821278	FALSE	FALSE	TRUE
rs17467284	chr12	40821870	40821871	FALSE	FALSE	TRUE
rs17673553	chr16	11241905	11241906	FALSE	TRUE	FALSE
rs17885785	chr11	2167849	2167850	FALSE	FALSE	TRUE
rs1794277	chr6	32668662	32668663	FALSE	TRUE	FALSE
rs1801143	chr3	49570199	49570200	FALSE	FALSE	TRUE
rs183347939	chr12	40810106	40810107	FALSE	FALSE	TRUE
rs193778	chr16	11351210	11351211	FALSE	TRUE	FALSE
rs193779	chr16	11350964	11350965	FALSE	TRUE	FALSE
rs194748	chr14	69275088	69275089	FALSE	FALSE	TRUE
rs201098338	chr12	40799932	40799933	FALSE	FALSE	TRUE
rs2114566	chr12	40814106	40814107	FALSE	FALSE	TRUE
rs2251396	chr6	31364706	31364707	FALSE	TRUE	FALSE
rs229536	chr22	37589868	37589869	FALSE	TRUE	FALSE
rs229542	chr22	37592105	37592106	FALSE	TRUE	FALSE
rs229544	chr22	37593079	37593080	TRUE	TRUE	FALSE
rs2542147	chr18	12775850	12775851	FALSE	FALSE	TRUE
rs2664172	chrX	153949613	153949614	FALSE	TRUE	FALSE
rs2714828	chr4	166565848	166565849	FALSE	FALSE	TRUE
rs2728723	chrX	153948686	153948687	FALSE	TRUE	FALSE
rs281377	chr19	49206602	49206603	FALSE	FALSE	TRUE
rs2844790	chr6	30094112	30094113	FALSE	FALSE	TRUE
rs2847260	chr18	12775590	12775591	FALSE	FALSE	TRUE
rs2854275	chr6	32628427	32628428	FALSE	TRUE	TRUE
rs2854277	chr6	32628083	32628084	FALSE	TRUE	FALSE
rs28690217	chr16	75260328	75260329	FALSE	FALSE	TRUE
rs28698667	chr16	28533070	28533071	FALSE	TRUE	FALSE
rs28772958	chr16	28535304	28535305	FALSE	TRUE	FALSE
rs3024493	chr1	206943967	206943968	TRUE	FALSE	FALSE
rs3024505	chr1	206939903	206939904	TRUE	FALSE	FALSE
rs3087243	chr2	204738918	204738919	FALSE	TRUE	FALSE
rs3129716	chr6	32657435	32657436	TRUE	TRUE	TRUE
rs3129966	chr6	32381279	32381280	FALSE	FALSE	TRUE
rs3134966	chr6	32674297	32674298	FALSE	FALSE	TRUE
rs3134968	chr6	32674058	32674059	FALSE	FALSE	TRUE
rs3134969	chr6	32674026	32674027	FALSE	FALSE	TRUE
rs3134970	chr6	32654201	32654202	FALSE	FALSE	TRUE
rs3134971	chr6	32654148	32654149	FALSE	FALSE	TRUE
rs3135002	chr6	32668438	32668439	FALSE	TRUE	FALSE
rs313841	chr19	47223948	47223949	FALSE	FALSE	TRUE
rs34196454	chr3	49563455	49563456	FALSE	FALSE	TRUE
rs34279746	chr6	126740822	126740823	FALSE	FALSE	TRUE
rs35024166	chr3	49456100	49456101	FALSE	TRUE	FALSE
rs35169793	chr3	49423273	49423274	FALSE	TRUE	FALSE
rs3746923	chr21	43826343	43826344	TRUE	FALSE	FALSE
rs3792109	chr2	234184416	234184417	FALSE	FALSE	TRUE
rs3811697	chr3	49590769	49590770	FALSE	FALSE	TRUE
rs389884	chr6	31940896	31940897	FALSE	TRUE	FALSE
rs41271263	chr6	36020158	36020159	FALSE	TRUE	FALSE
rs4149398	chr16	28608937	28608938	FALSE	TRUE	FALSE
rs45553631	chr6	90981656	90981657	FALSE	FALSE	TRUE
rs4625	chr3	49572139	49572140	FALSE	FALSE	TRUE
rs4759229	chr12	56474479	56474480	TRUE	TRUE	FALSE
rs4768252	chr12	40808671	40808672	FALSE	FALSE	TRUE
rs4768253	chr12	40808725	40808726	FALSE	FALSE	TRUE
rs478222	chr2	25301754	25301755	TRUE	TRUE	FALSE
rs4788084	chr16	28539847	28539848	TRUE	TRUE	FALSE
rs4899258	chr14	69272318	69272319	FALSE	FALSE	TRUE
rs4924273	chr15	38846737	38846738	FALSE	TRUE	FALSE
rs4929966	chr11	2197435	2197436	FALSE	TRUE	FALSE
rs497567	chr2	25335088	25335089	FALSE	TRUE	FALSE
rs516246	chr19	49206171	49206172	FALSE	FALSE	TRUE
rs516316	chr19	49206144	49206145	FALSE	FALSE	TRUE
rs55926010	chr2	234170325	234170326	FALSE	TRUE	FALSE
rs5987015	chrX	153947980	153947981	FALSE	TRUE	FALSE
rs61736852	chr12	40821794	40821795	FALSE	FALSE	TRUE
rs62026379	chr16	11241805	11241806	FALSE	TRUE	FALSE
rs62031562	chr16	28609328	28609329	TRUE	TRUE	FALSE
rs62034319	chr16	28532187	28532188	FALSE	TRUE	FALSE
rs62034323	chr16	28536472	28536473	FALSE	TRUE	TRUE
rs62034325	chr16	28538639	28538640	FALSE	TRUE	FALSE
rs67126256	chr6	126699049	126699050	FALSE	FALSE	TRUE
rs67878610	chr18	12775337	12775338	FALSE	FALSE	TRUE
rs679574	chr19	49206107	49206108	FALSE	FALSE	TRUE
rs67957462	chr11	2212447	2212448	FALSE	FALSE	TRUE
rs68037604	chr11	2212486	2212487	TRUE	FALSE	TRUE
rs681343	chr19	49206461	49206462	FALSE	FALSE	TRUE
rs6921999	chr6	36019927	36019928	FALSE	TRUE	FALSE
rs6997	chr3	49453833	49453834	TRUE	TRUE	FALSE
rs705704	chr12	56435411	56435412	FALSE	FALSE	TRUE
rs705705	chr12	56435503	56435504	FALSE	FALSE	TRUE
rs7170151	chr15	38846677	38846678	FALSE	TRUE	FALSE
rs7203793	chr16	11182133	11182134	TRUE	FALSE	FALSE
rs743590	chr16	28608229	28608230	TRUE	TRUE	FALSE
rs762633	chr16	28608340	28608341	TRUE	TRUE	FALSE
rs76361611	chr11	2212583	2212584	FALSE	FALSE	TRUE
rs7725052	chr5	40487269	40487270	TRUE	FALSE	FALSE
rs7731626	chr5	55444682	55444683	TRUE	FALSE	FALSE
rs7893840	chr10	101293340	101293341	FALSE	TRUE	FALSE
rs7908704	chr10	101293317	101293318	FALSE	TRUE	FALSE
rs8053595	chr16	75252102	75252103	FALSE	TRUE	FALSE
rs8054218	chr16	75252160	75252161	FALSE	TRUE	FALSE
rs886423	chr6	30782204	30782205	FALSE	TRUE	TRUE
rs886424	chr6	30782001	30782002	TRUE	TRUE	TRUE
rs886425	chr6	30781300	30781301	FALSE	TRUE	TRUE
rs888270	chr18	12774893	12774894	FALSE	FALSE	TRUE
rs917911	chr12	9905850	9905851	FALSE	FALSE	TRUE
rs9268606	chr6	32400069	32400070	TRUE	TRUE	FALSE
rs9273369	chr6	32626483	32626484	FALSE	TRUE	FALSE
rs9273423	chr6	32627389	32627390	FALSE	TRUE	FALSE
rs9273440	chr6	32627560	32627561	FALSE	TRUE	FALSE
rs9273442	chr6	32627581	32627582	FALSE	TRUE	FALSE
rs9274526	chr6	32634484	32634485	FALSE	TRUE	FALSE
rs9274528	chr6	32634507	32634508	FALSE	TRUE	FALSE
rs9274535	chr6	32634619	32634620	FALSE	TRUE	FALSE
rs9274626	chr6	32636039	32636040	TRUE	FALSE	FALSE
rs9323978	chr14	98481232	98481233	FALSE	FALSE	TRUE
rs9388486	chr6	126661153	126661154	TRUE	FALSE	TRUE
rs9814873	chr3	49454111	49454112	TRUE	TRUE	FALSE
